Rank,Name,Platform,Year,Genre,Publisher,NA_Sales,EU_Sales,JP_Sales,Other_Sales,Global_Sales
158,Super Smash Bros.,N64,1999,Fighting,Nintendo,2.95,0.6,1.97,0.04,5.55
166,Pokemon Stadium,N64,1999,Strategy,Nintendo,3.18,1.24,0.94,0.09,5.45
176,Donkey Kong 64,N64,1999,Platform,Nintendo,3.33,0.79,1.09,0.06,5.27
347,Pokemon Snap,N64,1999,Simulation,Nintendo,2.23,0.68,0.66,0.06,3.63
444,Star Wars Episode I Racer,N64,1999,Racing,Nintendo,2.31,0.62,0.14,0.04,3.12
616,Mario Party 2,N64,1999,Misc,Nintendo,1.28,0.14,1.08,0.01,2.5
1281,WWF WrestleMania 2000,N64,1999,Fighting,THQ,1.2,0.25,0.02,0.02,1.48
1290,Mario Golf,N64,1999,Action,Nintendo,0.62,0.18,0.65,0.02,1.47
1329,Namco Museum 64,N64,1999,Misc,Namco Bandai Games,1.24,0.17,0.03,0.01,1.45
1752,Jet Force Gemini,N64,1999,Shooter,Nintendo,0.78,0.28,0.07,0.02,1.16
2237,Toy Story 2: Buzz Lightyear to the Rescue!,N64,1999,Platform,Activision,0.71,0.2,0,0.01,0.93
2260,Knockout Kings 2000,N64,1999,Fighting,Electronic Arts,0.63,0.27,0,0.02,0.92
2548,Army Men: Sarge's Heroes,N64,1999,Action,3DO,0.68,0.12,0,0.01,0.81
2611,WCW Mayhem,N64,1999,Fighting,Electronic Arts,0.63,0.15,0,0.01,0.79
2885,LEGO Racers,N64,1999,Racing,LEGO Media,0.51,0.18,0,0.01,0.71
2886,WWF Attitude,N64,1999,Fighting,Acclaim Entertainment,0.57,0.13,0,0.01,0.71
3158,Tom Clancy's Rainbow Six,N64,1999,Shooter,Red Storm Entertainment,0.48,0.15,0,0.01,0.64
3159,Castlevania,N64,1999,Platform,Konami Digital Entertainment,0.44,0.1,0.04,0.05,0.64
3160,Rayman 2: The Great Escape,N64,1999,Platform,Ubisoft,0.4,0.22,0,0.02,0.64
3261,Beetle Adventure Racing!,N64,1999,Racing,Electronic Arts,0.4,0.2,0,0.02,0.62
3328,Madden NFL 2000,N64,1999,Sports,Electronic Arts,0.58,0.02,0,0,0.61
3415,Ready 2 Rumble Boxing,N64,1999,Sports,Midway Games,0.47,0.11,0,0.01,0.59
3501,NFL Blitz 2000,N64,1999,Sports,Midway Games,0.55,0.02,0,0,0.58
3592,Resident Evil 2,N64,1999,Action,Virgin Interactive,0.39,0.09,0.07,0.01,0.56
3719,Gauntlet Legends,N64,1999,Action,Midway Games,0.43,0.1,0,0.01,0.54
3820,NASCAR 2000,N64,1999,Racing,Electronic Arts,0.49,0.03,0,0,0.53
3908,Rugrats: Scavenger Hunt,N64,1999,Misc,THQ,0.41,0.09,0,0.01,0.51
3910,International Superstar Soccer 2000 (All region sales),N64,1999,Sports,Konami Digital Entertainment,0.01,0.26,0.22,0.02,0.51
4117,Harvest Moon 64,N64,1999,Simulation,Pack In Soft,0.25,0.06,0.11,0.06,0.48
4416,NBA Live 2000,N64,1999,Sports,Electronic Arts,0.42,0.02,0,0,0.44
4626,Jikkyou Powerful Pro Yakyuu 6,N64,1999,Sports,Konami Digital Entertainment,0,0,0.39,0.03,0.42
4730,Ogre Battle 64: Person of Lordly Caliber,N64,1999,Role-Playing,Nintendo,0.1,0.02,0.25,0.04,0.41
4731,Superman: The New Superman Adventures,N64,1999,Action,Titus,0.33,0.07,0,0,0.41
4828,RR64: Ridge Racer 64,N64,1999,Racing,Nintendo,0.32,0.07,0,0,0.4
4830,NFL Quarterback Club 2000,N64,1999,Sports,Acclaim Entertainment,0.37,0.03,0,0,0.4
4932,All-Star Baseball 2000,N64,1999,Sports,Acclaim Entertainment,0.36,0.03,0,0,0.39
4935,BattleTanx: Global Assault,N64,1999,Action,3DO,0.31,0.07,0,0,0.39
5127,Turok: Rage Wars,N64,1999,Shooter,Acclaim Entertainment,0.3,0.06,0,0,0.37
5146,Bottom of the 9th,N64,1999,Sports,Konami Digital Entertainment,0.37,0,0,0,0.37
5757,Hot Wheels Turbo Racing,N64,1999,Racing,Electronic Arts,0.25,0.06,0,0,0.31
5759,Bass Hunter 64,N64,1999,Sports,Take-Two Interactive,0.25,0.06,0,0,0.31
5887,Monster Truck Madness 64,N64,1999,Racing,Take-Two Interactive,0.24,0.06,0,0,0.3
5888,Quake II,N64,1999,Shooter,Activision,0.24,0.06,0,0,0.3
6027,Xena: Warrior Princess - The Talisman of Fate,N64,1999,Fighting,Titus,0.23,0.06,0,0,0.29
6028,Jeremy McGrath Supercross 2000,N64,1999,Racing,Acclaim Entertainment,0.23,0.06,0,0,0.29
6029,The New Tetris,N64,1999,Puzzle,Nintendo,0.22,0.05,0.02,0,0.29
6030,Ken Griffey Jr.'s Slugfest,N64,1999,Sports,Nintendo,0.23,0.06,0,0,0.29
6031,Supercross 2000,N64,1999,Racing,Electronic Arts,0.23,0.06,0,0,0.29
6149,Triple Play 2000,N64,1999,Sports,Electronic Arts,0.27,0.01,0,0,0.28
6347,Shadow Man,N64,1999,Action,Acclaim Entertainment,0.18,0.08,0,0.01,0.27
6348,Command & Conquer,N64,1999,Strategy,Nintendo,0.22,0.05,0,0,0.27
6526,Duke Nukem: Zero Hour,N64,1999,Shooter,GT Interactive,0.21,0.05,0,0,0.26
6527,Armorines: Project S.W.A.R.M.,N64,1999,Shooter,Acclaim Entertainment,0.21,0.05,0,0,0.26
6686,Hybrid Heaven,N64,1999,Role-Playing,Konami Digital Entertainment,0.16,0.04,0.05,0,0.25
6687,NBA Showtime: NBA on NBC,N64,1999,Sports,Midway Games,0.23,0.02,0,0,0.25
6694,NBA Courtside 2 featuring Kobe Bryant,N64,1999,Sports,Nintendo,0.2,0.05,0,0,0.25
6869,Paperboy,N64,1999,Action,Midway Games,0.19,0.05,0,0,0.24
6870,South Park: Chef's Luv Shack,N64,1999,Misc,Acclaim Entertainment,0.19,0.05,0,0,0.24
6872,Road Rash 64,N64,1999,Racing,THQ,0.19,0.05,0,0,0.24
7228,Rampage 2: Universal Tour,N64,1999,Action,GT Interactive,0.18,0.04,0,0,0.22
7414,Monopoly,N64,1999,Misc,Hasbro Interactive,0.17,0.04,0,0,0.21
7417,Gex 3: Deep Cover Gecko,N64,1999,Platform,Crave Entertainment,0.17,0.04,0,0,0.21
7418,WinBack: Covert Operations,N64,1999,Shooter,Virgin Interactive,0.17,0.04,0,0,0.21
7618,Roadsters 99,N64,1999,Racing,Titus,0.06,0.13,0,0.01,0.2
7625,Super Robot Taisen 64,N64,1999,Strategy,Banpresto,0,0,0.2,0,0.2
7867,Sesame Street: Elmo's Number Journey,N64,1999,Misc,NewKidCo,0.15,0.04,0,0,0.19
8051,International Superstar Soccer 2000 (JP weekly sales),N64,1999,Sports,Konami Digital Entertainment,0,0,0.18,0,0.18
8100,Sesame Street: Elmo's Letter Adventure,N64,1999,Misc,NewKidCo,0.14,0.04,0,0,0.18
8101,Re-Volt,N64,1999,Racing,Acclaim Entertainment,0.14,0.04,0,0,0.18
8339,World Driver Championship,N64,1999,Racing,Midway Games,0.14,0.03,0,0,0.17
8340,Bomberman 64: The Second Attack!,N64,1999,Adventure,Hudson Soft,0.05,0.01,0.11,0,0.17
8584,Asteroids Hyper 64,N64,1999,Shooter,Crave Entertainment,0.13,0.03,0,0,0.16
8589,Space Invaders,N64,1999,Shooter,Activision,0.13,0.03,0,0,0.16
8591,Destruction Derby 64,N64,1999,Racing,THQ,0.13,0.03,0,0,0.16
8593,California Speed,N64,1999,Misc,Midway Games,0.13,0.03,0,0,0.16
9154,Micro Machines 64 Turbo,N64,1999,Racing,Codemasters,0.11,0.03,0,0,0.14
9155,Bassmasters 2000,N64,1999,Sports,THQ,0.11,0.03,0,0,0.14
9482,NBA Jam 2000,N64,1999,Sports,Acclaim Entertainment,0.12,0.01,0,0,0.13
9483,Castlevania: Legacy of Darkness,N64,1999,Platform,Konami Digital Entertainment,0.06,0.02,0.05,0,0.13
9819,Earthworm Jim 3D,N64,1999,Platform,Interplay,0.1,0.02,0,0,0.12
9820,Rocket: Robot on Wheels,N64,1999,Platform,Ubisoft,0.1,0.02,0,0,0.12
9821,Densha De Go! 64,N64,1999,Simulation,Taito,0,0,0.05,0.07,0.12
10218,Snowboard Kids 2,N64,1999,Sports,Atlus,0.09,0.02,0,0,0.11
10219,Tonic Trouble,N64,1999,Platform,Ubisoft,0.09,0.02,0,0,0.11
10220,Nuclear Strike 64,N64,1999,Simulation,THQ,0.09,0.02,0,0,0.11
10222,Top Gear Rally 2,N64,1999,Racing,Kemco,0.09,0.02,0,0,0.11
10225,Fighting Force 64,N64,1999,Action,Crave Entertainment,0.09,0.02,0,0,0.11
11986,Shadowgate 64: Trials of the Four Towers,N64,1999,Adventure,Kemco,0.06,0.01,0,0,0.07
12496,Neon Genesis Evangelion,N64,1999,Adventure,Namco Bandai Games,0,0,0.06,0,0.06
12506,Top Gear Hyper-Bike,N64,1999,Racing,Kemco,0.05,0.01,0,0,0.06
12507,Brunswick Circuit Pro Bowling,N64,1999,Sports,THQ,0.05,0.01,0,0,0.06
13085,NHL Blades of Steel '99,N64,1999,Sports,Konami Digital Entertainment,0.05,0,0,0,0.05
13114,All Star Tennis 99,N64,1999,Sports,Ubisoft,0.04,0.01,0,0,0.05
13117,Fighter Destiny 2,N64,1999,Fighting,Imagineer,0.04,0.01,0,0,0.05
13436,Choro Q 64 2: Hacha Mecha Grand Prix Race,N64,1999,Racing,Takara,0,0,0.05,0,0.05
13740,PD Ultraman Battle Collection 64,N64,1999,Strategy,Namco Bandai Games,0,0,0.04,0,0.04
13741,Monaco Grand Prix,N64,1999,Racing,Ubisoft,0.03,0.01,0,0,0.04
13742,Worms Armageddon,N64,1999,Strategy,Infogrames,0.03,0.01,0,0,0.04
13743,Rally Challenge 2000,N64,1999,Racing,Imagineer,0.03,0.01,0,0,0.04
14496,Charlie Blasts Territory,N64,1999,Action,Kemco,0.02,0.01,0,0,0.03
15375,Super Bowling,N64,1999,Sports,Athena,0.02,0,0,0,0.02
16586,Carmageddon 64,N64,1999,Action,Virgin Interactive,0.01,0,0,0,0.01
95,The Legend of Zelda: Ocarina of Time,N64,1998,Action,Nintendo,4.1,1.89,1.45,0.16,7.6
342,Banjo-Kazooie,N64,1998,Platform,Nintendo,1.87,1.13,0.55,0.1,3.65
555,Mario Party,N64,1998,Misc,Nintendo,1.25,0.53,0.87,0.05,2.7
661,WCW/nWo Revenge,N64,1998,Fighting,THQ,1.94,0.39,0.03,0.02,2.38
755,Star Wars: Rogue Squadron,N64,1998,Simulation,Nintendo,1.6,0.46,0.08,0.03,2.17
839,1080Â°: TenEighty Snowboarding,N64,1998,Sports,Nintendo,1.25,0.61,0.13,0.05,2.03
945,"Hey You, Pikachu!",N64,1998,Simulation,Nintendo,0.83,0.06,0.93,0,1.83
1154,F-1 World Grand Prix,N64,1998,Racing,Video System,0.46,0.96,0.09,0.08,1.6
1423,Pocket Monsters Stadium,N64,1998,Strategy,Nintendo,0,0,1.37,0,1.37
1474,WWF War Zone,N64,1998,Fighting,Acclaim Entertainment,1.08,0.24,0,0.02,1.33
1696,Kobe Bryant in NBA Courtside,N64,1998,Sports,Nintendo,1.02,0.13,0.04,0.01,1.19
1792,South Park,N64,1998,Shooter,Acclaim Entertainment,0.9,0.23,0,0.02,1.14
1862,F-Zero X,N64,1998,Racing,Nintendo,0.45,0.33,0.29,0.03,1.1
1955,NFL Blitz,N64,1998,Sports,Midway Games,1.02,0.04,0,0.01,1.06
2114,NASCAR 99,N64,1998,Racing,Electronic Arts,0.94,0.04,0,0.01,0.98
2285,Glover,N64,1998,Platform,Hasbro Interactive,0.72,0.17,0,0.01,0.91
2313,Madden NFL 99,N64,1998,Sports,Electronic Arts,0.84,0.05,0,0.01,0.9
2620,Major League Baseball Featuring Ken Griffey Jr,N64,1998,Sports,Nintendo,0.75,0.03,0,0.01,0.79
2801,Mortal Kombat 4,N64,1998,Fighting,GT Interactive,0.55,0.17,0,0.01,0.73
3176,Cruis'n World,N64,1998,Racing,Nintendo,0.59,0.04,0,0.01,0.64
3205,A Bug's Life,N64,1998,Platform,Activision,0.49,0.13,0,0.01,0.63
3282,NFL Quarterback Club 99,N64,1998,Sports,Acclaim Entertainment,0.59,0.02,0,0,0.62
3468,World Cup 98,N64,1998,Sports,Electronic Arts,0.14,0.4,0,0.04,0.58
3469,International Superstar Soccer '98,N64,1998,Sports,Konami Digital Entertainment,0.06,0.3,0.19,0.03,0.58
3720,FIFA 99,N64,1998,Sports,Electronic Arts,0.11,0.39,0,0.03,0.54
4116,All-Star Baseball 99,N64,1998,Sports,Acclaim Entertainment,0.44,0.04,0,0,0.48
4151,NBA Live 99,N64,1998,Sports,Electronic Arts,0.45,0.02,0,0,0.47
4188,Bomberman Hero,N64,1998,Platform,Nintendo,0.27,0.06,0.08,0.05,0.47
4190,Quest 64,N64,1998,Role-Playing,Konami Digital Entertainment,0.38,0.08,0,0.01,0.47
4366,Rampage World Tour,N64,1998,Action,GT Interactive,0.36,0.08,0,0.01,0.45
4533,WipEout 64,N64,1998,Racing,Midway Games,0.28,0.14,0,0.01,0.43
4623,Rush 2: Extreme Racing USA,N64,1998,Racing,Midway Games,0.35,0.06,0,0,0.42
4887,NHL 99,N64,1998,Sports,Electronic Arts,0.38,0.01,0,0,0.39
4934,Extreme-G: XG2,N64,1998,Racing,Acclaim Entertainment,0.31,0.07,0,0,0.39
5396,Off Road Challenge,N64,1998,Racing,GT Interactive,0.27,0.06,0,0,0.34
5511,BattleTanx,N64,1998,Action,3DO,0.26,0.06,0,0,0.33
5595,NHL Breakaway 98,N64,1998,Sports,Acclaim Entertainment,0.3,0.02,0,0,0.32
5756,Goemon's Great Adventure,N64,1998,Platform,Konami Digital Entertainment,0.06,0.02,0.13,0.1,0.31
5758,Vigilante 8,N64,1998,Racing,Activision,0.25,0.06,0,0,0.31
6025,Viz,N64,1998,Racing,Acclaim Entertainment,0.23,0.06,0,0,0.29
6026,Top Gear Overdrive,N64,1998,Racing,Kemco,0.23,0.06,0,0,0.29
6345,Jikkyou Powerful Pro Yakyuu 5,N64,1998,Sports,Konami Digital Entertainment,0,0,0.27,0,0.27
6346,NBA Jam 99,N64,1998,Sports,Acclaim Entertainment,0.25,0.02,0,0,0.27
6688,Fox Sports College Hoops '99,N64,1998,Sports,Fox Interactive,0.2,0.05,0,0,0.25
6692,Gex 64: Enter the Gecko,N64,1998,Action,GT Interactive,0.2,0.05,0,0,0.25
7415,WCW Nitro,N64,1998,Fighting,THQ,0.17,0.04,0,0,0.21
7620,Twisted Edge Extreme Snowboarding,N64,1998,Sports,Kemco,0.16,0.04,0,0,0.2
7623,Body Harvest,N64,1998,Shooter,Gremlin Interactive Ltd,0.16,0.04,0,0,0.2
7866,Quake,N64,1998,Shooter,GT Interactive,0.15,0.04,0,0,0.19
8583,Fighters Destiny,N64,1998,Fighting,Ocean,0.13,0.03,0,0,0.16
8592,Buck Bumble,N64,1998,Action,Ubisoft,0.13,0.03,0,0,0.16
9157,Bio FREAKS,N64,1998,Action,GT Interactive,0.11,0.03,0,0,0.14
10632,Jeopardy!,N64,1998,Misc,GameTek,0.08,0.02,0,0,0.1
10636,Virtual Pool 64,N64,1998,Sports,Crave Entertainment,0.08,0.02,0,0,0.1
10640,Lode Runner 3-D,N64,1998,Action,Infogrames,0.08,0.02,0,0,0.1
10642,GT64 Championship Edition,N64,1998,Racing,Ocean,0.08,0.02,0,0,0.1
10643,Milo's Astro Lanes,N64,1998,Sports,Interplay,0.08,0.02,0,0,0.1
11047,V-Rally Edition 99,N64,1998,Racing,Infogrames,0.07,0.02,0,0,0.09
11050,Golden Nugget 64,N64,1998,Misc,Electronic Arts,0.07,0.02,0,0,0.09
11051,Robotron 64,N64,1998,Shooter,GT Interactive,0.07,0.02,0,0,0.09
11478,Knife Edge: NoseGunner,N64,1998,Shooter,Mitsui,0.06,0.02,0,0,0.08
11480,Wetrix,N64,1998,Puzzle,Ocean,0.06,0.02,0,0,0.08
11481,NHL Breakaway 99,N64,1998,Sports,Acclaim Entertainment,0.07,0.01,0,0,0.08
11483,Iggy's Reckin' Balls,N64,1998,Racing,Acclaim Entertainment,0.06,0.02,0,0,0.08
11988,Super Robot Spirits,N64,1998,Fighting,Banpresto,0,0,0.04,0.03,0.07
12508,Olympic Hockey 98,N64,1998,Sports,GT Interactive,0.05,0.01,0,0,0.06
12510,Penny Racers,N64,1998,Racing,THQ,0.05,0.01,0,0,0.06
12511,S.C.A.R.S,N64,1998,Racing,Ubisoft,0.05,0.01,0,0,0.06
12512,Virtual Chess 64,N64,1998,Misc,Titus,0.05,0.01,0,0,0.06
12514,Mike Piazza's Strike Zone,N64,1998,Sports,GT Interactive,0.05,0.01,0,0,0.06
12515,Bust-A-Move '99,N64,1998,Puzzle,Acclaim Entertainment,0.05,0.01,0,0,0.06
12516,Star Soldier: Vanishing Earth,N64,1998,Shooter,Hudson Entertainment,0.05,0.01,0,0,0.06
13118,Chameleon Twist 2,N64,1998,Platform,Infogrames,0.04,0.01,0,0,0.05
13712,NBA In The Zone '99,N64,1998,Sports,Konami Digital Entertainment,0.04,0,0,0,0.04
13746,Deadly Arts,N64,1998,Fighting,Konami Digital Entertainment,0.03,0.01,0,0,0.04
14495,Starshot: Space Circus Fever,N64,1998,Platform,Infogrames,0.02,0.01,0,0,0.03
14497,Big Mountain 2000,N64,1998,Sports,Imagineer,0.02,0.01,0,0,0.03
85,GoldenEye 007,N64,1997,Shooter,Nintendo,5.8,2.01,0.13,0.15,8.09
214,Diddy Kong Racing,N64,1997,Racing,Nintendo,2.91,0.99,0.89,0.1,4.88
297,Star Fox 64,N64,1997,Shooter,Nintendo,2.78,0.58,0.64,0.04,4.03
511,Yoshi's Story,N64,1997,Platform,Nintendo,1.29,0.53,0.98,0.05,2.85
929,Turok 2: Seeds of Evil,N64,1997,Platform,Acclaim Entertainment,1.37,0.41,0.04,0.04,1.86
1066,WCW vs. nWo: World Tour,N64,1997,Fighting,THQ,1.37,0.28,0.03,0.02,1.69
1730,Mission: Impossible,N64,1997,Action,Ocean,0.74,0.38,0.02,0.03,1.17
1956,NFL Quarterback Club 98,N64,1997,Sports,Acclaim Entertainment,1.01,0.05,0,0.01,1.06
2003,Bomberman 64,N64,1997,Puzzle,Hudson Soft,0.5,0.2,0.31,0.03,1.04
2421,Madden Football 64,N64,1997,Sports,Electronic Arts,0.81,0.04,0,0.01,0.86
2744,San Francisco Rush: Extreme Racing,N64,1997,Racing,GT Interactive,0.63,0.11,0,0.01,0.75
2887,Blast Corps,N64,1997,Action,Nintendo,0.39,0.09,0.17,0.06,0.71
3363,International Superstar Soccer 64,N64,1997,Sports,Konami Digital Entertainment,0.09,0.26,0.23,0.02,0.6
3414,Extreme-G,N64,1997,Racing,Acclaim Entertainment,0.47,0.11,0,0.01,0.59
3467,FIFA: Road to  World Cup 98,N64,1997,Sports,Electronic Arts,0.15,0.39,0,0.03,0.58
3535,NBA Hangtime,N64,1997,Sports,GT Interactive,0.48,0.08,0,0,0.57
4047,FIFA Soccer 64,N64,1997,Sports,Electronic Arts,0.16,0.3,0,0.03,0.49
4189,Automobili Lamborghini,N64,1997,Racing,Titus,0.28,0.17,0,0.01,0.47
4192,Doom 64,N64,1997,Shooter,Midway Games,0.38,0.08,0,0.01,0.47
4454,Duke Nukem 64,N64,1997,Shooter,GT Interactive,0.35,0.08,0,0.01,0.44
4534,Mischief Makers,N64,1997,Platform,Nintendo,0.25,0.06,0.07,0.06,0.43
4829,Top Gear Rally,N64,1997,Racing,Kemco,0.32,0.07,0,0,0.4
4831,Mortal Kombat Mythologies: Sub-Zero,N64,1997,Fighting,Midway Games,0.32,0.07,0,0,0.4
5207,Mystical Ninja starring Goemon,N64,1997,Action,Konami Digital Entertainment,0.07,0.02,0.23,0.04,0.36
5208,Tetrisphere,N64,1997,Puzzle,Nintendo,0.29,0.06,0,0,0.36
5632,Nagano Winter Olympics 98,N64,1997,Sports,Konami Digital Entertainment,0.15,0.04,0.13,0,0.32
5755,Jikkyou Powerful Pro Yakyuu 4,N64,1997,Sports,Konami Digital Entertainment,0,0,0.26,0.05,0.31
6032,War Gods,N64,1997,Fighting,Midway Games,0.23,0.06,0,0,0.29
6344,NBA In The Zone '98,N64,1997,Sports,Konami Digital Entertainment,0.25,0.02,0,0,0.27
6689,Wheel of Fortune,N64,1997,Misc,Take-Two Interactive,0.2,0.05,0,0,0.25
6690,MRC: Multi-Racing Championship,N64,1997,Racing,Ocean,0.2,0.05,0,0,0.25
6691,F1 Pole Position 64,N64,1997,Racing,Ubisoft,0.11,0.13,0,0.01,0.25
6693,Wayne Gretzky's 3D Hockey '98,N64,1997,Sports,Midway Games,0.23,0.02,0,0,0.25
7148,64 de Hakken! Tamagotchi Minna de Tamagotchi World,N64,1997,Misc,Namco Bandai Games,0,0,0.22,0,0.22
7413,ClayFighter 63 1/3,N64,1997,Fighting,Interplay,0.17,0.04,0,0,0.21
7619,Magical Tetris Challenge,N64,1997,Puzzle,Activision,0.13,0.02,0.05,0,0.2
7862,Mace: The Dark Age,N64,1997,Fighting,GT Interactive,0.15,0.04,0,0,0.19
7863,AeroFighters Assault,N64,1997,Action,Video System,0.15,0.04,0,0,0.19
7864,Puyo Puyo Sun 64,N64,1997,Puzzle,Compile,0,0,0.16,0.03,0.19
8865,Space Station Silicon Valley,N64,1997,Adventure,Take-Two Interactive,0.12,0.03,0,0,0.15
8866,Dark Rift,N64,1997,Fighting,Vic Tokai,0.12,0.03,0,0,0.15
10221,Chameleon Twist,N64,1997,Platform,Sunsoft,0.09,0.02,0,0,0.11
10223,Chopper Attack,N64,1997,Action,GT Interactive,0.09,0.02,0,0,0.11
10638,Flying Dragon,N64,1997,Fighting,Natsume,0.08,0.02,0,0,0.1
10639,International Superstar Soccer 64 (weekly JP sales),N64,1997,Sports,Konami Digital Entertainment,0,0,0.05,0.05,0.1
11477,Bust-A-Move 2 Arcade Edition,N64,1997,Puzzle,Acclaim Entertainment,0.06,0.02,0,0,0.08
11983,Aero Gauge,N64,1997,Racing,ASCII Entertainment,0.06,0.01,0,0,0.07
13116,Dual Heroes,N64,1997,Fighting,Hudson Soft,0.04,0.01,0,0,0.05
13365,Turok: Dinosaur Hunter,N64,1997,Shooter,Acclaim Entertainment,0,0,0.05,0,0.05
47,Super Mario 64,N64,1996,Platform,Nintendo,6.91,2.85,1.91,0.23,11.89
64,Mario Kart 64,N64,1996,Racing,Nintendo,5.55,1.94,2.23,0.15,9.87
485,Wave Race 64,N64,1996,Racing,Nintendo,1.98,0.58,0.34,0.04,2.94
575,Star Wars: Shadows of the Empire,N64,1996,Action,Nintendo,2,0.5,0.12,0.03,2.65
1022,Cruis'n USA,N64,1996,Racing,Nintendo,1.69,0.04,0,0.01,1.74
1821,Pilotwings 64,N64,1996,Simulation,Nintendo,0.56,0.24,0.3,0.02,1.12
2159,Mortal Kombat Trilogy,N64,1996,Fighting,GT Interactive,0.72,0.22,0,0.02,0.96
2516,Killer Instinct Gold,N64,1996,Fighting,Nintendo,0.61,0.19,0,0.01,0.82
3821,Wayne Gretzky's 3D Hockey,N64,1996,Sports,Nintendo,0.49,0.03,0,0,0.53
6524,Nightmare Creatures,N64,1996,Action,Activision,0.21,0.05,0,0,0.26
7227,Chou-Kuukan Night Pro Yakyuu King(higher JP sales),N64,1996,Sports,Imagineer,0,0,0.22,0,0.22
7626,Snowboard Kids,N64,1996,Sports,Atlus,0.16,0.04,0,0,0.2
7792,Jikkyou J-League Perfect Striker,N64,1996,Sports,Konami Digital Entertainment,0,0,0.19,0,0.19
7861,Hexen,N64,1996,Shooter,GT Interactive,0.15,0.04,0,0,0.19
7865,Chou-Kuukan Night Pro Yakyuu King (weekly JP sales),N64,1996,Sports,Imagineer,0,0,0.19,0,0.19
8594,Wonder Project J2: Koruro no Mori no Josette,N64,1996,Simulation,Enix Corporation,0,0,0.12,0.04,0.16
11048,Saikyou Habu Shogi,N64,1996,Misc,Seta Corporation,0,0,0.06,0.03,0.09
11204,Mahjong Master,N64,1996,Misc,Konami Digital Entertainment,0,0,0.09,0,0.09
12086,Samurai Shodown,NG,1993,Fighting,SNK,0,0,0.07,0,0.07
880,Who wants to be a millionaire,PC,1999,Misc,Disney Interactive Studios,1.94,0,0,0,1.94
1207,Command & Conquer: Tiberian Sun,PC,1999,Strategy,Westwood Studios,1.55,0,0,0,1.55
1926,Championship Manager 99/00,PC,1999,Sports,Eidos Interactive,0,0.98,0,0.09,1.07
10693,Age of Empires II: The Age of Kings,PC,1999,Strategy,Microsoft Game Studios,0.01,0.08,0,0.02,0.1
12732,Dungeon Keeper 2,PC,1999,Action,Electronic Arts,0,0.05,0,0.01,0.06
15682,The Longest Journey,PC,1999,Adventure,Empire Interactive,0,0.01,0,0,0.02
16198,Legoland,PC,1999,Action,LEGO Media,0,0.01,0,0,0.01
807,Sim Theme Park,PC,1998,Strategy,Electronic Arts,2.04,0.04,0,0,2.08
3279,Tomb Raider III: Adventures of Lara Croft,PC,1998,Action,Eidos Interactive,0.59,0.03,0,0,0.62
4686,Tomb Raider: The Last Revelation,PC,1998,Action,Eidos Interactive,0.41,0,0,0,0.41
13231,StarCraft,PC,1998,Strategy,Activision,0,0.04,0,0.01,0.05
14038,Caesar III,PC,1998,Strategy,Vivendi Games,0,0.03,0,0.01,0.04
14073,Planescape: Torment,PC,1998,Role-Playing,Interplay,0.01,0.02,0,0.01,0.04
14936,Pharaoh,PC,1998,Strategy,Vivendi Games,0,0.02,0,0,0.02
15137,Homeworld,PC,1998,Strategy,Vivendi Games,0,0.02,0,0,0.02
282,Half-Life,PC,1997,Shooter,Vivendi Games,4.03,0,0.09,0,4.12
636,Riven: The Sequel to Myst,PC,1997,Adventure,Red Orb,1.52,0.82,0,0.1,2.43
649,Theme Hospital,PC,1997,Strategy,Electronic Arts,2.3,0.1,0,0,2.4
696,Tomb Raider II,PC,1997,Action,Eidos Interactive,0.91,1.25,0,0.13,2.29
16382,Grand Prix Legends,PC,1997,Racing,Vivendi Games,0,0.01,0,0,0.01
16439,Worms 2,PC,1997,Strategy,Microprose,0,0.01,0,0,0.01
195,Microsoft Flight Simulator,PC,1996,Simulation,Microsoft Game Studios,3.22,1.69,0,0.2,5.12
512,Command & Conquer: Red Alert,PC,1996,Strategy,Virgin Interactive,1.37,1.34,0,0.14,2.85
1161,Diablo,PC,1996,Role-Playing,Activision,0.01,1.58,0,0,1.59
2024,Tomb Raider,PC,1996,Action,Eidos Interactive,0.96,0.07,0,0,1.03
268,Warcraft II: Tides of Darkness,PC,1995,Strategy,Activision,1.7,2.27,0,0.23,4.21
15978,You Don't Know Jack,PC,1995,Misc,Vivendi Games,0.01,0,0,0,0.02
354,Doom II: Hell on Earth,PC,1994,Shooter,Virgin Interactive,2.05,1.4,0,0.16,3.61
522,Myst,PC,1994,Adventure,Red Orb,0.02,2.79,0,0,2.81
655,Monopoly,PC,1994,Misc,Hasbro Interactive,1.49,0.81,0,0.1,2.39
808,Warcraft: Orcs & Humans,PC,1994,Strategy,Activision,0.89,1.08,0,0.11,2.08
876,Star Wars: Dark Forces,PC,1994,Shooter,LucasArts,1.09,0.77,0,0.09,1.95
16002,Mortal Kombat,PC,1994,Fighting,Acclaim Entertainment,0.01,0,0,0,0.01
767,SimCity 2000,PC,1992,Simulation,Maxis,1.2,0.84,0,0.1,2.14
2635,The 7th Guest,PC,1992,Adventure,Virgin Interactive,0.01,0.77,0,0,0.78
12528,Syndicate,PC,1992,Strategy,Electronic Arts,0,0.05,0,0.01,0.06
14602,Doom,PC,1992,Shooter,id Software,0.02,0,0,0,0.03
16076,Empire Deluxe,PC,1992,Strategy,New World Computing,0.01,0,0,0,0.01
70,Gran Turismo 2,PS,1999,Racing,Sony Computer Entertainment,3.88,3.42,1.69,0.5,9.49
88,Final Fantasy VIII,PS,1999,Role-Playing,SquareSoft,2.28,1.72,3.63,0.23,7.86
139,Driver,PS,1999,Action,GT Interactive,3.11,2.8,0.02,0.33,6.27
203,Tony Hawk's Pro Skater,PS,1999,Sports,Activision,3.42,1.38,0.02,0.2,5.02
205,Warzone 2100,PS,1999,Strategy,Eidos Interactive,2.79,1.89,0,0.33,5.01
221,Crash Team Racing,PS,1999,Racing,Sony Computer Entertainment,2.57,1.57,0.44,0.21,4.79
333,Resident Evil 3: Nemesis,PS,1999,Action,Eidos Interactive,1.3,0.77,1.54,0.11,3.72
369,Spyro 2: Ripto's Rage!,PS,1999,Platform,Sony Computer Entertainment,2.14,1.21,0.01,0.17,3.52
421,007: Tomorrow Never Dies,PS,1999,Shooter,Electronic Arts,1.72,1.33,0,0.16,3.21
503,Syphon Filter,PS,1999,Shooter,Sony Computer Entertainment,2.03,0.72,0.02,0.11,2.88
689,Need For Speed: High Stakes,PS,1999,Racing,Electronic Arts,1.58,0.64,0,0.09,2.31
915,Yu-Gi-Oh! Forbidden Memories,PS,1999,Role-Playing,Konami Digital Entertainment,1.37,0.44,0,0.08,1.88
917,Hot Shots Golf 2,PS,1999,Sports,Sony Computer Entertainment,0.25,0.12,1.48,0.03,1.88
928,The Legend of Dragoon,PS,1999,Role-Playing,Sony Computer Entertainment,0.94,0.44,0.39,0.1,1.86
934,Chrono Cross,PS,1999,Role-Playing,SquareSoft,0.62,0.42,0.69,0.12,1.86
968,NFL GameDay 2000,PS,1999,Sports,989 Studios,1,0.68,0,0.12,1.8
1016,Star Wars Episode I: The Phantom Menace,PS,1999,Adventure,LucasArts,0.72,0.89,0.04,0.1,1.74
1063,Jampack Winter '99,PS,1999,Misc,Sony Computer Entertainment,0.94,0.64,0,0.11,1.69
1118,Tom Clancy's Rainbow Six,PS,1999,Shooter,Red Storm Entertainment,0.93,0.63,0,0.08,1.64
1131,Ape Escape,PS,1999,Platform,Sony Computer Entertainment,0.71,0.48,0.32,0.11,1.63
1156,Silent Hill,PS,1999,Action,Konami Digital Entertainment,0.71,0.48,0.3,0.1,1.6
1169,NASCAR 2000,PS,1999,Racing,Electronic Arts,0.88,0.6,0,0.1,1.59
1347,Frogger 2: Swampy's Revenge,PS,1999,Action,Hasbro Interactive,0.8,0.54,0,0.09,1.43
1354,Triple Play 2000,PS,1999,Sports,Electronic Arts,0.79,0.54,0,0.09,1.43
1377,Knockout Kings 2000,PS,1999,Fighting,Electronic Arts,1.02,0.34,0,0.05,1.41
1437,Dance Dance Revolution (Japan),PS,1999,Simulation,Konami Digital Entertainment,0,0,1.26,0.09,1.35
1508,Rugrats Studio Tour,PS,1999,Adventure,THQ,0.57,0.67,0,0.07,1.31
1525,Digimon World,PS,1999,Role-Playing,Namco Bandai Games,0.56,0.38,0.28,0.08,1.3
1546,Army Men 3D,PS,1999,Action,3DO,1.1,0.14,0,0.04,1.28
1548,Twisted Metal 4,PS,1999,Racing,989 Studios,1.07,0.16,0,0.04,1.28
1661,Star Wars Episode 1: Jedi Power Battles,PS,1999,Action,LucasArts,0.66,0.48,0.01,0.06,1.21
1698,The Dukes of Hazzard: Racing for Home,PS,1999,Racing,Ubisoft,0.99,0.16,0,0.04,1.19
1706,Metal Gear Solid VR Missions,PS,1999,Adventure,Konami Digital Entertainment,0.66,0.45,0,0.08,1.18
1806,Derby Stallion 99,PS,1999,Sports,ASCII Entertainment,0,0,1.06,0.07,1.13
1846,Legend of Mana,PS,1999,Role-Playing,SquareSoft,0.18,0.13,0.73,0.07,1.11
1920,Doko Demo Issyo,PS,1999,Misc,Sony Computer Entertainment,0,0,1,0.07,1.07
1938,Hot Wheels Turbo Racing,PS,1999,Racing,Electronic Arts,0.59,0.4,0,0.07,1.07
1952,Worms Armageddon,PS,1999,Strategy,Microprose,0.18,0.81,0,0.08,1.06
2152,Jampack Summer '99,PS,1999,Misc,Sony Computer Entertainment,0.54,0.36,0,0.06,0.96
2154,Dance Dance Revolution 2nd ReMIX,PS,1999,Simulation,Konami Digital Entertainment,0,0,0.9,0.06,0.96
2186,NCAA Football 2000,PS,1999,Sports,Electronic Arts,0.53,0.36,0,0.06,0.95
2211,SaGa Frontier 2,PS,1999,Role-Playing,SquareSoft,0.1,0.07,0.71,0.06,0.94
2213,MLB 2000,PS,1999,Sports,Sony Computer Entertainment,0.52,0.35,0,0.06,0.94
2245,SnoCross Championship Racing,PS,1999,Racing,Ubisoft,0.52,0.35,0,0.06,0.93
2307,3Xtreme,PS,1999,Action,989 Studios,0.5,0.34,0,0.06,0.9
2432,Army Men: Air Attack,PS,1999,Action,3DO,0.47,0.32,0,0.06,0.85
2481,Q*bert,PS,1999,Puzzle,Atari,0.46,0.32,0,0.05,0.84
2483,Ace Combat 3: Electrosphere,PS,1999,Simulation,Sony Computer Entertainment,0.22,0.15,0.4,0.05,0.83
2543,Jikkyou Powerful Pro Yakyuu '99 Kaimakuban,PS,1999,Sports,Konami Digital Entertainment,0,0,0.76,0.05,0.81
2545,Valkyrie Profile,PS,1999,Role-Playing,Enix Corporation,0.07,0.05,0.63,0.05,0.81
2573,Final Fantasy Anthology,PS,1999,Role-Playing,Square EA,0.45,0.3,0,0.05,0.8
2641,Marvel vs. Capcom: Clash of Super Heroes,PS,1999,Fighting,Capcom,0.43,0.3,0,0.05,0.78
2672,Need for Speed: Porsche Unleashed,PS,1999,Racing,Electronic Arts,0.43,0.29,0,0.05,0.77
2785,Jet Moto 3,PS,1999,Racing,Sony Computer Entertainment,0.41,0.28,0,0.05,0.74
2805,Croc 2,PS,1999,Platform,Fox Interactive,0.41,0.28,0,0.05,0.73
2838,Test Drive 6,PS,1999,Racing,Atari,0.4,0.27,0,0.05,0.72
3033,Wild ARMs 2,PS,1999,Role-Playing,Sony Computer Entertainment,0.19,0.13,0.31,0.04,0.67
3053,Pro Pinball: Big Race USA,PS,1999,Simulation,Take-Two Interactive,0.37,0.25,0,0.04,0.66
3111,World of Dragon Warrior - Torneko: The Last Hope,PS,1999,Role-Playing,Enix Corporation,0.02,0.01,0.58,0.04,0.65
3193,Sim Theme Park,PS,1999,Strategy,Electronic Arts,0.35,0.24,0,0.04,0.63
3271,Bass Landing,PS,1999,Sports,ASCII Entertainment,0.21,0.14,0.23,0.04,0.62
3321,Tomb Raider Chronicles,PS,1999,Action,Eidos Interactive,0.34,0.23,0,0.04,0.61
3426,Barbie: Race & Ride,PS,1999,Action,Sony Computer Entertainment,0.33,0.22,0,0.04,0.59
3499,Parasite Eve II,PS,1999,Role-Playing,SquareSoft,0.32,0.22,0,0.04,0.58
3580,Army Men: Sarge's Heroes,PS,1999,Action,3DO,0.31,0.21,0,0.04,0.56
3631,NBA Showtime: NBA on NBC,PS,1999,Sports,Midway Games,0.31,0.21,0,0.04,0.55
3648,Fighting Force 2,PS,1999,Action,Eidos Interactive,0.31,0.21,0,0.04,0.55
3668,SD Gundam G Generation Zero,PS,1999,Strategy,Namco Bandai Games,0,0,0.51,0.04,0.55
3728,Pachi-Slot Aruze Oukoku 2,PS,1999,Misc,Aruze Corp,0,0,0.5,0.04,0.54
3776,Gex 3: Deep Cover Gecko,PS,1999,Platform,Eidos Interactive,0.3,0.2,0,0.03,0.53
3827,The Grinch,PS,1999,Adventure,Konami Digital Entertainment,0.29,0.2,0,0.03,0.52
3847,Mission: Impossible,PS,1999,Action,Infogrames,0.29,0.2,0,0.03,0.52
3866,Front Mission 3,PS,1999,Strategy,SquareSoft,0.1,0.07,0.31,0.03,0.52
3872,Omega Boost,PS,1999,Shooter,Sony Computer Entertainment,0.17,0.11,0.2,0.03,0.52
4070,Die Hard Trilogy 2: Viva Las Vegas,PS,1999,Action,Fox Interactive,0.27,0.18,0,0.03,0.49
4095,Yu-Gi-Oh! Forbidden Memories (JP sales),PS,1999,Role-Playing,Konami Digital Entertainment,0,0,0.45,0.03,0.48
4105,ECW Hardcore Revolution,PS,1999,Fighting,Acclaim Entertainment,0.27,0.18,0,0.03,0.48
4122,Vigilante 8: 2nd Offense,PS,1999,Racing,Activision,0.27,0.18,0,0.03,0.48
4131,NFL Xtreme 2,PS,1999,Sports,989 Studios,0.27,0.18,0,0.03,0.48
4191,Momotarou Dentetsu V,PS,1999,Misc,Hudson Entertainment,0,0,0.44,0.03,0.47
4204,MTV Music Generator,PS,1999,Misc,Codemasters,0.26,0.18,0,0.03,0.47
4236,Razor Freestyle Scooter,PS,1999,Sports,Ubisoft,0.26,0.17,0,0.03,0.46
4260,Hydro Thunder,PS,1999,Racing,Midway Games,0.26,0.17,0,0.03,0.46
4290,Bloody Roar II,PS,1999,Fighting,Virgin Interactive,0.25,0.17,0,0.03,0.46
4315,Missile Command,PS,1999,Shooter,Atari,0.25,0.17,0,0.03,0.45
4385,Final Fantasy Collection,PS,1999,Role-Playing,Square,0,0,0.42,0.03,0.45
4442,Chocobo Racing,PS,1999,Racing,SquareSoft,0.07,0.05,0.3,0.03,0.44
4584,The X Files,PS,1999,Adventure,Sony Computer Entertainment,0.24,0.16,0,0.03,0.42
4616,Arc the Lad III,PS,1999,Role-Playing,Sony Computer Entertainment,0,0,0.39,0.03,0.42
4698,Grudge Warriors,PS,1999,Action,Take-Two Interactive,0.23,0.16,0,0.03,0.41
4740,Densha De Go! 2,PS,1999,Simulation,Taito,0,0,0.38,0.03,0.41
4814,NBA ShootOut 2000,PS,1999,Sports,989 Studios,0.22,0.15,0,0.03,0.4
4824,NCAA GameBreaker 2000,PS,1999,Sports,989 Studios,0.22,0.15,0,0.03,0.4
4834,Bugs Bunny: Lost in Time,PS,1999,Platform,Infogrames,0.22,0.15,0,0.03,0.4
4848,Road Rash: Jailbreak,PS,1999,Racing,Electronic Arts,0.22,0.15,0,0.03,0.4
4856,You Don't Know Jack,PS,1999,Misc,Vivendi Games,0.22,0.15,0,0.03,0.4
4970,Tokimeki Memorial 2,PS,1999,Simulation,Konami Digital Entertainment,0,0,0.36,0.03,0.39
5045,MediEvil II,PS,1999,Action,Sony Computer Entertainment,0.21,0.14,0,0.02,0.38
5056,NCAA Final Four 2000,PS,1999,Sports,989 Sports,0.21,0.14,0,0.02,0.38
5221,LEGO Racers,PS,1999,Racing,LEGO Media,0.2,0.14,0,0.02,0.36
5339,Lunar 2: Eternal Blue Complete,PS,1999,Role-Playing,Kadokawa Shoten,0.19,0.13,0,0.02,0.35
5360,WipEout 3,PS,1999,Racing,Psygnosis,0.19,0.13,0,0.02,0.34
5483,BeatMania Append GottaMix,PS,1999,Simulation,Konami Digital Entertainment,0,0,0.31,0.02,0.33
5492,World Stadium 3,PS,1999,Sports,Namco Bandai Games,0,0,0.31,0.02,0.33
5586,Championship Bass,PS,1999,Sports,Electronic Arts,0.18,0.12,0,0.02,0.32
5617,Harvest Moon: Back to Nature,PS,1999,Simulation,Ubisoft,0.11,0.07,0.12,0.02,0.32
5648,No.1 Muscle Ranking - Kinniku Banzuke Vol. 1: Oregasaikyouno Otokoda!,PS,1999,Sports,Konami Digital Entertainment,0,0,0.3,0.02,0.32
5751,Super Robot Taisen Complete Box,PS,1999,Strategy,Banpresto,0,0,0.29,0.02,0.31
5804,40 Winks,PS,1999,Platform,GT Interactive,0.17,0.12,0,0.02,0.31
5810,A Collection of Classic Games from the Intellivision,PS,1999,Misc,Activision,0.17,0.12,0,0.02,0.31
5980,Fisherman's Bait 2: Big Ol' Bass,PS,1999,Sports,Konami Digital Entertainment,0.16,0.11,0,0.02,0.29
6083,Tomba! 2: The Evil Swine Return,PS,1999,Platform,Sony Computer Entertainment,0.16,0.11,0,0.02,0.29
6087,BeatMania Append 4thMix: The beat goes on,PS,1999,Simulation,Konami Digital Entertainment,0,0,0.27,0.02,0.29
6378,Superbike 2000,PS,1999,Racing,Electronic Arts,0.15,0.1,0,0.02,0.27
6388,Alundra 2: A New Legend Begins,PS,1999,Role-Playing,Activision,0.15,0.1,0,0.02,0.27
6458,Jikkyou Powerful Pro Yakyuu '99 Ketteiban,PS,1999,Sports,Konami Digital Entertainment,0,0,0.25,0.02,0.26
6519,Bust A Groove 2,PS,1999,Misc,Enix Corporation,0.04,0.03,0.18,0.02,0.26
6583,Armored Core: Master of Arena,PS,1999,Simulation,From Software,0.07,0.05,0.13,0.02,0.26
6597,NHL Rock the Rink,PS,1999,Sports,Electronic Arts,0.14,0.1,0,0.02,0.26
6618,Crusaders of Might and Magic,PS,1999,Role-Playing,3DO,0.14,0.1,0,0.02,0.25
6645,Scrabble,PS,1999,Misc,Ubisoft,0.14,0.1,0,0.02,0.25
6732,Grandia,PS,1999,Role-Playing,Ubisoft,0.14,0.09,0,0.02,0.25
6746,Dune 2000,PS,1999,Strategy,Electronic Arts,0.14,0.09,0,0.02,0.25
6800,Guitar Freaks,PS,1999,Simulation,Konami Digital Entertainment,0,0,0.23,0.02,0.24
7098,Super Robot Taisen F Kanketsuhen,PS,1999,Strategy,Banpresto,0,0,0.21,0.01,0.23
7208,Barbie Super Sports,PS,1999,Sports,Mattel Interactive,0.12,0.08,0,0.01,0.22
7288,Jackie Chan: Stuntmaster,PS,1999,Action,Sony Computer Entertainment,0.12,0.08,0,0.01,0.22
7289,Sports Car GT,PS,1999,Racing,Electronic Arts,0.12,0.08,0,0.01,0.22
7344,WCW Backstage Assault,PS,1999,Action,Electronic Arts,0.12,0.08,0,0.01,0.21
7427,Threads of Fate,PS,1999,Role-Playing,SquareSoft,0.12,0.08,0,0.01,0.21
7448,Rollcage,PS,1999,Racing,Psygnosis,0.12,0.08,0,0.01,0.21
7639,Nobunaga no Yabou: Reppuuden,PS,1999,Strategy,Tecmo Koei,0,0,0.19,0.01,0.2
7830,Fire ProWrestling G,PS,1999,Fighting,Human Entertainment,0,0,0.18,0.01,0.19
7911,Big Air,PS,1999,Sports,Accolade,0.1,0.07,0,0.01,0.19
7913,Gallop Racer,PS,1999,Sports,Tecmo Koei,0,0,0.18,0.01,0.19
8128,Shadow Madness,PS,1999,Action,Crave Entertainment,0.1,0.07,0,0.01,0.18
8283,Space Battleship Yamato: Harukanaru Hoshi Iscandar,PS,1999,Strategy,Namco Bandai Games,0,0,0.16,0.01,0.17
8284,Sound Novel Evolution 1: Otogirisou Sosei-Hen,PS,1999,Adventure,ChunSoft,0,0,0.16,0.01,0.17
8331,Glover,PS,1999,Platform,Atari,0.09,0.06,0,0.01,0.17
8644,Racing Lagoon,PS,1999,Racing,Square,0,0,0.15,0.01,0.16
8718,Muppet RaceMania,PS,1999,Racing,Sony Computer Entertainment,0.09,0.06,0,0.01,0.15
8758,Disney's Story Studio: Disney's Mulan,PS,1999,Misc,Sony Computer Entertainment,0.09,0.06,0,0.01,0.15
8892,Winning Post 4,PS,1999,Sports,Tecmo Koei,0,0,0.14,0.01,0.15
8943,Galerians,PS,1999,Adventure,Crave Entertainment,0.08,0.06,0,0.01,0.15
8960,Shin Megami Tensei: Devil Summoner - Soul Hackers,PS,1999,Role-Playing,Atlus,0,0,0.14,0.01,0.15
9158,Eternal Eyes,PS,1999,Role-Playing,Sunsoft,0.08,0.05,0,0.01,0.14
9181,Detective Barbie: The Mystery Cruise,PS,1999,Adventure,Mattel Interactive,0.08,0.05,0,0.01,0.14
9223,To Heart,PS,1999,Adventure,Aqua Plus,0,0,0.13,0.01,0.14
9587,Surf Riders,PS,1999,Sports,Ubisoft,0.07,0.05,0,0.01,0.13
9700,Zen-Nippon Pro Wrestling: Ouja no Kon,PS,1999,Fighting,Human Entertainment,0,0,0.12,0.01,0.12
10045,BoomBots,PS,1999,Fighting,SouthPeak Games,0.06,0.04,0,0.01,0.11
10068,International Track & Field 2000,PS,1999,Sports,Konami Digital Entertainment,0.06,0.04,0,0.01,0.11
10126,ECW Anarchy Rulz,PS,1999,Fighting,Acclaim Entertainment,0.06,0.04,0,0.01,0.11
10242,Breakout,PS,1999,Puzzle,Hasbro Interactive,0.06,0.04,0,0.01,0.11
10258,Tyco RC: Assault with a Battery,PS,1999,Racing,Syscom,0.06,0.04,0,0.01,0.11
10317,Arcade Party Pak,PS,1999,Misc,Midway Games,0.06,0.04,0,0.01,0.11
10327,Railroad Tycoon II,PS,1999,Strategy,PopTop Software,0.06,0.04,0,0.01,0.11
10351,Black Bass with Blue Marlin,PS,1999,Sports,Starfish,0.06,0.04,0,0.01,0.11
10361,Metal Gear Solid Integral,PS,1999,Adventure,Konami Digital Entertainment,0,0,0.1,0.01,0.11
10376,Woody Woodpecker Racing,PS,1999,Racing,Konami Digital Entertainment,0.06,0.04,0,0.01,0.11
10394,Digimon Digital Card Battle,PS,1999,Strategy,Namco Bandai Games,0.06,0.04,0,0.01,0.11
10513,Vandal Hearts II,PS,1999,Strategy,Konami Digital Entertainment,0.06,0.04,0,0.01,0.1
10549,Urban Chaos,PS,1999,Action,Eidos Interactive,0.06,0.04,0,0.01,0.1
10597,3D Tank Warfare Simulator Panzer Front,PS,1999,Simulation,Avalon Interactive,0.06,0.04,0,0.01,0.1
10644,Gekido,PS,1999,Fighting,Infogrames,0.06,0.04,0,0.01,0.1
10658,LEGO Rock Raiders,PS,1999,Strategy,LEGO Media,0.06,0.04,0,0.01,0.1
11269,Koudelka,PS,1999,Role-Playing,Atari,0.05,0.03,0,0.01,0.08
11303,The King of Fighters '98: Dream Match Never Ends,PS,1999,Fighting,SNK Playmore,0.05,0.03,0,0.01,0.08
11455,Final Fantasy VI,PS,1999,Role-Playing,Sony Computer Entertainment,0,0,0.08,0.01,0.08
11503,Incredible Crisis,PS,1999,Action,Titus,0.04,0.03,0,0.01,0.08
12090,Dragon Valor,PS,1999,Role-Playing,Sony Computer Entertainment,0.04,0.03,0,0,0.07
12537,Killer Loop,PS,1999,Racing,Crave Entertainment,0.03,0.02,0,0,0.06
12634,G-Police: Weapons of Justice,PS,1999,Action,Psygnosis,0.03,0.02,0,0,0.06
12699,Interplay Sports Baseball 2000,PS,1999,Sports,Interplay,0.03,0.02,0,0,0.06
12936,Fatal Fury: Wild Ambition,PS,1999,Fighting,SNK Playmore,0.03,0.02,0,0,0.05
12945,Bass Rise,PS,1999,Sports,Namco Bandai Games,0.03,0.02,0,0,0.05
13062,Expendable,PS,1999,Action,Infogrames,0.03,0.02,0,0,0.05
13127,Dead in the Water,PS,1999,Action,ASC Games,0.03,0.02,0,0,0.05
13274,Saiyuki: Journey West,PS,1999,Strategy,Tecmo Koei,0.03,0.02,0,0,0.05
13384,Test Drive Le Mans,PS,1999,Racing,Infogrames,0.03,0.02,0,0,0.05
13406,The Misadventures of Tron Bonne,PS,1999,Adventure,Eidos Interactive,0.03,0.02,0,0,0.05
13455,Rat Attack!,PS,1999,Puzzle,Mindscape,0.03,0.02,0,0,0.04
13848,NHL Blades of Steel 2000,PS,1999,Sports,Konami Digital Entertainment,0.02,0.01,0,0,0.04
13868,Ballistic,PS,1999,Puzzle,Atari,0.02,0.01,0,0,0.04
13901,Countdown Vampires,PS,1999,Adventure,Namco Bandai Games,0.02,0.01,0,0,0.04
13908,Battle Hunter,PS,1999,Strategy,Midas Interactive Entertainment,0.02,0.01,0,0,0.04
13921,Konami Arcade Classics,PS,1999,Misc,Konami Digital Entertainment,0.02,0.01,0,0,0.04
13977,Mr. Driller,PS,1999,Puzzle,Namco Bandai Games,0.02,0.01,0,0,0.04
14050,Deception III: Dark Delusion,PS,1999,Role-Playing,Tecmo Koei,0.02,0.01,0,0,0.04
14446,Dancing Blade II: Tears of Eden,PS,1999,Adventure,Konami Digital Entertainment,0,0,0.03,0,0.03
14818,Renegade Racers,PS,1999,Racing,Interplay,0.01,0.01,0,0,0.03
15056,Board Game: Top Shop,PS,1999,Misc,Success,0.01,0.01,0,0,0.02
15091,RayCrisis: Series Termination,PS,1999,Shooter,JVC,0.01,0.01,0,0,0.02
15163,Jojo's Bizarre Adventure,PS,1999,Fighting,Virgin Interactive,0.01,0.01,0,0,0.02
15385,Silent Bomber,PS,1999,Action,Virgin Interactive,0.01,0.01,0,0,0.02
15939,Iron Soldier 3,PS,1999,Simulation,Telegames,0.01,0.01,0,0,0.02
16138,Vanark,PS,1999,Shooter,Jaleco,0.01,0.01,0,0,0.01
16196,K-1 Grand Prix,PS,1999,Fighting,Jaleco,0.01,0.01,0,0,0.01
16242,Builder's Block,PS,1999,Strategy,EON Digital Entertainment,0.01,0,0,0,0.01
16509,Samurai Shodown: Warrios Rage,PS,1999,Fighting,SNK,0.01,0,0,0,0.01
106,Tekken 3,PS,1998,Fighting,Sony Computer Entertainment,3.27,2.22,1.4,0.29,7.16
107,Crash Bandicoot 3: Warped,PS,1998,Platform,Sony Computer Entertainment,3.68,1.75,1.42,0.28,7.13
146,Metal Gear Solid,PS,1998,Action,Konami Digital Entertainment,3.18,1.83,0.78,0.24,6.03
152,Resident Evil 2,PS,1998,Action,Virgin Interactive,1.88,1.47,2.02,0.45,5.82
206,Spyro the Dragon,PS,1998,Platform,Sony Computer Entertainment,3.36,1.36,0.07,0.21,5
389,Grand Theft Auto 2,PS,1998,Action,Take-Two Interactive,1.13,2.07,0,0.22,3.42
398,WWF War Zone,PS,1998,Fighting,Acclaim Entertainment,2.47,0.76,0,0.13,3.36
401,Rugrats: Search For Reptar,PS,1998,Adventure,THQ,1.63,1.53,0,0.18,3.34
443,Need for Speed III: Hot Pursuit,PS,1998,Racing,Electronic Arts,2.14,0.86,0,0.13,3.12
505,Colin McRae Rally,PS,1998,Racing,Codemasters,0.09,2.43,0.12,0.22,2.87
530,A Bug's Life,PS,1998,Platform,Sony Computer Entertainment,1.96,0.72,0,0.11,2.79
568,Medal of Honor,PS,1998,Shooter,Electronic Arts,1.44,1.09,0,0.14,2.67
623,Tomb Raider: The Last Revelation,PS,1998,Action,Eidos Interactive,1.15,1.14,0.06,0.13,2.48
643,Dino Crisis,PS,1998,Action,Capcom,0.81,0.76,0.7,0.14,2.41
691,Cool Boarders 3,PS,1998,Sports,989 Studios,1.65,0.46,0.1,0.1,2.31
787,Parasite Eve,PS,1998,Role-Playing,SquareSoft,0.94,0.07,1.05,0.04,2.1
820,R4: Ridge Racer Type 4,PS,1998,Racing,Namco Bandai Games,0.68,0.46,0.79,0.13,2.06
919,WCW Nitro,PS,1998,Fighting,THQ,1.42,0.36,0.03,0.07,1.88
922,FIFA 2000,PS,1998,Sports,Electronic Arts,0.22,1.47,0.04,0.14,1.87
990,WWF Attitude,PS,1998,Fighting,Acclaim Entertainment,1.27,0.42,0,0.07,1.76
1005,Madden NFL 2000,PS,1998,Sports,Electronic Arts,1.68,0.04,0,0.04,1.75
1023,Madden NFL 99,PS,1998,Sports,Electronic Arts,1.66,0.04,0,0.04,1.74
1029,Twisted Metal III,PS,1998,Action,989 Studios,1.48,0.2,0,0.05,1.73
1044,Toy Story 2: Buzz Lightyear to the Rescue!,PS,1998,Platform,Activision,0.99,0.64,0,0.08,1.71
1067,WCW/NWO Thunder,PS,1998,Fighting,THQ,1.1,0.48,0.04,0.07,1.69
1140,Sled Storm,PS,1998,Racing,Electronic Arts,0.9,0.61,0,0.11,1.62
1224,NFL GameDay 99,PS,1998,Sports,989 Studios,1.44,0.05,0,0.04,1.53
1237,NASCAR 99,PS,1998,Racing,Electronic Arts,1.45,0.04,0,0.04,1.52
1238,NBA Live 2000,PS,1998,Sports,Electronic Arts,1.43,0.05,0,0.03,1.52
1257,NFL Blitz,PS,1998,Sports,Midway Games,1.41,0.05,0,0.04,1.5
1267,Pac-Man World,PS,1998,Action,Namco Bandai Games,1.21,0.14,0.1,0.04,1.5
1299,Xenogears,PS,1998,Role-Playing,SquareSoft,0.29,0.19,0.89,0.1,1.46
1309,Mortal Kombat 4,PS,1998,Fighting,GT Interactive,0.81,0.55,0,0.1,1.46
1314,WCW vs the World,PS,1998,Fighting,THQ,1.17,0.2,0.04,0.05,1.46
1406,Duke Nukem: Time to Kill,PS,1998,Shooter,Take-Two Interactive,0.77,0.54,0,0.07,1.38
1417,A Collection of Activision Classic Games for the Atari 2600,PS,1998,Misc,Activision,0.76,0.52,0,0.09,1.37
1491,TOCA 2: Touring Cars,PS,1998,Racing,Codemasters,0.03,1.16,0.02,0.11,1.32
1574,Devil Dice,PS,1998,Puzzle,THQ,0.05,0.03,1.1,0.08,1.26
1579,Brian Lara Cricket,PS,1998,Sports,Codemasters,0.02,1.13,0.01,0.1,1.26
1581,Wheel of Fortune,PS,1998,Misc,Hasbro Interactive,0.99,0.22,0,0.04,1.26
1598,Road Rash 3D,PS,1998,Racing,Electronic Arts,1.05,0.16,0,0.04,1.25
1624,Vigilante 8,PS,1998,Racing,Activision,0.68,0.47,0,0.08,1.23
1649,WCW Mayhem,PS,1998,Fighting,Electronic Arts,0.68,0.46,0,0.08,1.22
1733,Cool Boarders 4,PS,1998,Sports,989 Studios,0.65,0.44,0,0.08,1.17
1781,Asteroids,PS,1998,Shooter,Success,0.64,0.43,0,0.07,1.15
1787,Brave Fencer Musashi,PS,1998,Role-Playing,SquareSoft,0.25,0.17,0.65,0.07,1.14
1812,Jampack Winter '98,PS,1998,Misc,Sony Computer Entertainment,0.63,0.43,0,0.07,1.13
1870,Star Ocean: The Second Story,PS,1998,Role-Playing,Sony Computer Entertainment,0.26,0.1,0.72,0.02,1.1
1880,BeatMania,PS,1998,Simulation,Konami Digital Entertainment,0,0,1.07,0.02,1.09
1893,NFL Blitz 2000,PS,1998,Sports,Midway Games,0.6,0.41,0,0.07,1.09
1913,Ready 2 Rumble Boxing,PS,1998,Sports,Midway Games,0.6,0.41,0,0.07,1.08
1939,NCAA Football 99,PS,1998,Sports,Electronic Arts,0.59,0.4,0,0.07,1.06
1947,Simple 1500 Series Vol. 1: The Mahjong,PS,1998,Misc,D3Publisher,0,0,0.99,0.07,1.06
1987,Monster Rancher 2,PS,1998,Simulation,Sony Computer Entertainment,0.19,0.13,0.66,0.07,1.05
2004,Jeremy McGrath Supercross 98,PS,1998,Racing,Acclaim Entertainment,0.91,0.1,0,0.03,1.04
2026,Street Fighter Alpha 3,PS,1998,Fighting,Virgin Interactive,0.38,0.12,0.51,0.02,1.03
2042,Pong: The Next Level,PS,1998,Puzzle,Hasbro Interactive,0.56,0.38,0,0.07,1.01
2095,Oddworld: Abe's Exoddus,PS,1998,Platform,GT Interactive,0.55,0.38,0,0.06,0.99
2396,NHL 2000,PS,1998,Sports,Electronic Arts,0.48,0.33,0,0.06,0.87
2422,MLB 99,PS,1998,Sports,Sony Computer Entertainment,0.48,0.32,0,0.06,0.86
2493,The Game of Life,PS,1998,Misc,Unknown,0.46,0.31,0,0.05,0.83
2503,MediEvil,PS,1998,Platform,Sony Computer Entertainment,0.46,0.31,0,0.05,0.83
2555,The Next Tetris,PS,1998,Puzzle,Atari,0.45,0.31,0,0.05,0.81
2559,World Soccer Jikkyou Winning Eleven 3: World Cup France '98,PS,1998,Sports,Konami Digital Entertainment,0,0,0.75,0.05,0.81
2657,NBA ShootOut 98,PS,1998,Sports,Sony Computer Entertainment,0.43,0.29,0,0.05,0.78
2698,ISS Pro Evolution,PS,1998,Sports,Konami Digital Entertainment,0,0,0.71,0.05,0.76
2833,SD Gundam G Generation,PS,1998,Strategy,Namco Bandai Games,0,0,0.67,0.05,0.72
2855,Fear Effect,PS,1998,Action,Eidos Interactive,0.4,0.27,0,0.05,0.72
2895,South Park,PS,1998,Shooter,Acclaim Entertainment,0.39,0.27,0,0.05,0.71
2909,Command & Conquer: Red Alert Retaliation,PS,1998,Strategy,Virgin Interactive,0.39,0.27,0,0.05,0.7
2924,Chocobo's Dungeon 2,PS,1998,Role-Playing,SquareSoft,0.04,0.03,0.58,0.05,0.7
2960,NFL Xtreme,PS,1998,Sports,Sony Computer Entertainment,0.38,0.26,0,0.05,0.69
2994,Bushido Blade 2,PS,1998,Fighting,SquareSoft,0.25,0.17,0.22,0.04,0.68
2995,Suikoden II,PS,1998,Role-Playing,Konami Digital Entertainment,0.15,0.1,0.38,0.04,0.68
3015,Street Sk8er,PS,1998,Sports,Electronic Arts,0.37,0.25,0,0.04,0.67
3023,Spice World,PS,1998,Action,Sony Computer Entertainment,0.37,0.25,0,0.04,0.67
3060,Tiger Woods PGA Tour 2000,PS,1998,Sports,Electronic Arts,0.37,0.25,0,0.04,0.66
3074,Legend of Legaia,PS,1998,Role-Playing,Sony Computer Entertainment,0.37,0.25,0,0.04,0.66
3088,Um Jammer Lammy,PS,1998,Misc,Sony Computer Entertainment,0.12,0.08,0.41,0.04,0.66
3095,Animaniacs Ten Pin Alley,PS,1998,Sports,ASC Games,0.36,0.25,0,0.04,0.66
3117,Centipede,PS,1998,Shooter,Atari,0.36,0.25,0,0.04,0.65
3307,Small Soldiers,PS,1998,Platform,Electronic Arts,0.34,0.23,0,0.04,0.61
3368,BeatMania Append 3rdMix,PS,1998,Simulation,Konami Digital Entertainment,0,0,0.56,0.04,0.6
3372,Xena: Warrior Princess,PS,1998,Adventure,Electronic Arts,0.33,0.23,0,0.04,0.6
3393,CyberTiger,PS,1998,Sports,Electronic Arts,0.33,0.22,0,0.04,0.59
3401,Jikkyou Powerful Pro Yakyuu '98 Kaimakuban,PS,1998,Sports,Konami Digital Entertainment,0,0,0.55,0.04,0.59
3473,Tales of Phantasia,PS,1998,Role-Playing,Namco Bandai Games,0,0,0.54,0.04,0.58
3476,Gex: Enter the Gecko,PS,1998,Platform,BMG Interactive Entertainment,0.32,0.22,0,0.04,0.58
3482,Championship Motocross featuring Ricky Carmichael,PS,1998,Racing,THQ,0.32,0.22,0,0.04,0.58
3629,Lunar: Silver Star Story Complete,PS,1998,Role-Playing,Kadokawa Shoten,0.27,0.18,0.06,0.04,0.55
3724,Bust A Groove,PS,1998,Misc,Sony Computer Entertainment,0.09,0.06,0.35,0.04,0.54
3849,Rival Schools: United By Fate,PS,1998,Fighting,Capcom,0.12,0.08,0.28,0.03,0.52
4108,Wu-Tang: Shaolin Style,PS,1998,Fighting,Activision,0.27,0.18,0,0.03,0.48
4340,NCAA Gamebreaker 99,PS,1998,Sports,989 Studios,0.25,0.17,0,0.03,0.45
4342,World Stadium 2,PS,1998,Sports,Namco Bandai Games,0,0,0.42,0.03,0.45
4355,Apocalypse,PS,1998,Action,Activision,0.25,0.17,0,0.03,0.45
4586,Rascal,PS,1998,Action,Psygnosis,0.24,0.16,0,0.03,0.42
4614,JGTC: All-Japan Grand Touring Car Championship,PS,1998,Racing,TYO,0.23,0.16,0,0.03,0.42
4652,International Superstar Soccer Pro '98,PS,1998,Sports,Konami Digital Entertainment,0.02,0.02,0.35,0.03,0.42
4689,Quake II,PS,1998,Shooter,Activision,0.23,0.16,0,0.03,0.41
4756,'98 Koshien,PS,1998,Sports,Magical Company,0.15,0.1,0.12,0.03,0.41
4913,Thrasher Presents: Skate and Destroy,PS,1998,Sports,Take-Two Interactive,0.22,0.15,0,0.03,0.39
4988,Bakusou Dekotora Densetsu: Otoko Ippiki Yume Kaidoi,PS,1998,Racing,Human Entertainment,0,0,0.36,0.03,0.38
5019,Ninja: Shadow of Darkness,PS,1998,Action,Eidos Interactive,0.21,0.14,0,0.02,0.38
5049,Rogue Trip: Vacation 2012,PS,1998,Racing,GT Interactive,0.21,0.14,0,0.02,0.38
5122,Yarudora Series Vol.1: Double Cast,PS,1998,Adventure,Sony Computer Entertainment,0,0,0.35,0.02,0.37
5253,South Park Rally,PS,1998,Racing,Acclaim Entertainment,0.2,0.13,0,0.02,0.36
5267,Blasto,PS,1998,Action,Sony Computer Entertainment,0.2,0.13,0,0.02,0.35
5336,Rally Cross 2,PS,1998,Racing,989 Studios,0.19,0.13,0,0.02,0.35
5351,Kurushi Final: Mental Blocks,PS,1998,Puzzle,Sony Computer Entertainment,0,0,0.32,0.02,0.34
5400,Backstreet Billiards,PS,1998,Misc,ASCII Entertainment,0.19,0.13,0,0.02,0.34
5415,Tiny Tank,PS,1998,Action,Sony Computer Entertainment,0.19,0.13,0,0.02,0.34
5453,Bomberman World,PS,1998,Puzzle,Sony Computer Entertainment,0.06,0.04,0.22,0.02,0.33
5459,Deathtrap Dungeon,PS,1998,Action,Eidos Interactive,0.19,0.13,0,0.02,0.33
5514,Pitfall 3D: Beyond the Jungle,PS,1998,Platform,Activision,0.18,0.12,0,0.02,0.33
5697,Heart of Darkness,PS,1998,Platform,Ocean,0.18,0.12,0,0.02,0.32
5720,Sesame Street: Elmo's Letter Adventure,PS,1998,Misc,NewKidCo,0.17,0.12,0,0.02,0.31
5739,Tiny Toon Adventures: The Great Beanstalk,PS,1998,Misc,Sony Computer Entertainment,0.17,0.12,0,0.02,0.31
5784,Demolition Racer,PS,1998,Racing,Infogrames,0.17,0.12,0,0.02,0.31
5793,NHL FaceOff 2000,PS,1998,Sports,Sony Computer Entertainment,0.17,0.12,0,0.02,0.31
5798,South Park: Chef's Luv Shack,PS,1998,Misc,Acclaim Entertainment,0.17,0.12,0,0.02,0.31
5832,Ehrgeiz,PS,1998,Fighting,SquareSoft,0.17,0.12,0,0.02,0.3
5992,Kagero: Deception II,PS,1998,Strategy,Virgin Interactive,0.03,0.02,0.22,0.02,0.29
6190,Dead or Alive,PS,1998,Fighting,Sony Computer Entertainment,0.09,0.06,0.1,0.02,0.28
6222,Civilization II,PS,1998,Strategy,Activision,0.15,0.11,0,0.02,0.28
6235,Yu-Gi-Oh! Monster Capsule Breed & Battle,PS,1998,Role-Playing,Konami Digital Entertainment,0,0,0.26,0.02,0.28
6242,Warpath: Jurassic Park,PS,1998,Fighting,Electronic Arts,0.15,0.1,0,0.02,0.28
6276,Resident Evil 2: Dual Shock Edition,PS,1998,Action,Capcom,0,0,0.26,0.02,0.27
6391,Jikkyou Powerful Pro Yakyuu '98 Ketteiban,PS,1998,Sports,Konami Digital Entertainment,0,0,0.25,0.02,0.27
6414,Jade Cocoon: Story of the Tamamayu,PS,1998,Role-Playing,Crave Entertainment,0.15,0.1,0,0.02,0.27
6568,Marvel Super Heroes vs. Street Fighter,PS,1998,Fighting,Virgin Interactive,0.14,0.1,0,0.02,0.26
6577,Choro Q3,PS,1998,Racing,Takara,0,0,0.24,0.02,0.26
6611,Combination Pro Soccer: J-League no Kantoku ni Natte Sekai wo Mezase!!,PS,1998,Sports,Axela,0,0,0.24,0.02,0.25
6640,Evil Zone,PS,1998,Fighting,Titus,0.14,0.1,0,0.02,0.25
6702,Caesars Palace II,PS,1998,Misc,Interplay,0.14,0.09,0,0.02,0.25
6721,Shadow Man,PS,1998,Action,Acclaim Entertainment,0.14,0.09,0,0.02,0.25
6880,Lucky Luke,PS,1998,Platform,Ocean,0.13,0.09,0,0.02,0.24
6889,Forsaken,PS,1998,Shooter,Acclaim Entertainment,0.13,0.09,0,0.02,0.24
6915,Wild 9,PS,1998,Action,Interplay,0.13,0.09,0,0.02,0.24
6940,Sesame Street: Elmo's Number Journey,PS,1998,Misc,NewKidCo,0.13,0.09,0,0.02,0.24
6965,Street Fighter EX2 Plus,PS,1998,Fighting,Virgin Interactive,0.13,0.09,0,0.02,0.23
7022,Gundam Battle Assault,PS,1998,Fighting,Namco Bandai Games,0.13,0.09,0,0.02,0.23
7038,Colony Wars: Vengeance,PS,1998,Simulation,Psygnosis,0.13,0.09,0,0.02,0.23
7097,Rampage 2: Universal Tour,PS,1998,Action,GT Interactive,0.13,0.09,0,0.01,0.23
7125,Shin Nippon Pro Wrestling: Toukon Retsuden 3,PS,1998,Fighting,Tomy Corporation,0,0,0.21,0.01,0.23
7188,Bust-A-Move 4,PS,1998,Puzzle,Acclaim Entertainment,0.12,0.08,0,0.01,0.22
7243,NHL Championship 2000,PS,1998,Sports,Fox Interactive,0.12,0.08,0,0.01,0.22
7247,Kartia: The Word of Fate,PS,1998,Strategy,Konami Digital Entertainment,0.05,0.03,0.12,0.01,0.22
7469,Yarudora Series Vol. 2: Kisetsu wo Dakishimete,PS,1998,Adventure,Sony Computer Entertainment,0,0,0.19,0.01,0.21
7605,Speed Punks,PS,1998,Racing,Sony Computer Entertainment,0.11,0.08,0,0.01,0.2
7797,Re-Volt,PS,1998,Racing,Acclaim Entertainment,0.11,0.07,0,0.01,0.19
7842,Darkstalkers 3,PS,1998,Fighting,Capcom,0.11,0.07,0,0.01,0.19
8153,Brunswick Circuit Pro Bowling,PS,1998,Sports,THQ,0.1,0.07,0,0.01,0.18
8250,The King of Fighters '97,PS,1998,Fighting,SNK,0,0,0.16,0.01,0.17
8321,Fighter Maker,PS,1998,Fighting,Agetec,0.05,0.04,0.07,0.01,0.17
8386,Final Fantasy V,PS,1998,Role-Playing,SquareSoft,0,0,0.16,0.01,0.17
8399,Clock Tower II: The Struggle Within,PS,1998,Adventure,Human Entertainment,0.02,0.01,0.12,0.01,0.17
8523,Kawa no Nushi Tsuri,PS,1998,Sports,Victor Interactive,0,0,0.15,0.01,0.16
8524,N2O: Nitrous Oxide,PS,1998,Racing,Gremlin Interactive Ltd,0.09,0.06,0,0.01,0.16
8660,Pachi-Slot Kanzen Kouryaku 3: Universal Koushiki Gaido Volume 3,PS,1998,Misc,Syscom,0,0,0.15,0.01,0.16
8724,Winning Post 3,PS,1998,Racing,Tecmo Koei,0,0,0.14,0.01,0.15
8775,Streak: Hoverboard Racing,PS,1998,Racing,GT Interactive,0.09,0.06,0,0.01,0.15
8871,T'ai Fu: Wrath of the Tiger,PS,1998,Action,Activision,0.08,0.06,0,0.01,0.15
8889,Chessmaster II,PS,1998,Strategy,Mindscape,0.08,0.06,0,0.01,0.15
8902,Cardinal Syn,PS,1998,Fighting,Sony Computer Entertainment,0.08,0.06,0,0.01,0.15
9019,The Fifth Element,PS,1998,Action,Sony Computer Entertainment,0.08,0.05,0,0.01,0.14
9097,Soukaigi,PS,1998,Role-Playing,SquareSoft,0,0,0.13,0.01,0.14
9124,T.R.A.G. - Tactical Rescue Assault Group: Mission of Mercy,PS,1998,Adventure,Sunsoft,0.08,0.05,0,0.01,0.14
9127,Project V6,PS,1998,Strategy,General Entertainment,0,0,0.13,0.01,0.14
9277,Houshinengi,PS,1998,Strategy,Tecmo Koei,0,0,0.13,0.01,0.14
9305,Guilty Gear,PS,1998,Fighting,Virgin Interactive,0.03,0.02,0.07,0.01,0.14
9340,Bio FREAKS,PS,1998,Action,GT Interactive,0.07,0.05,0,0.01,0.13
9397,Castrol Honda Superbike Racing,PS,1998,Racing,THQ,0.07,0.05,0,0.01,0.13
9434,The Unholy War,PS,1998,Strategy,Eidos Interactive,0.07,0.05,0,0.01,0.13
9454,No Fear Downhill Mountain Biking,PS,1998,Sports,Codemasters,0.07,0.05,0,0.01,0.13
9575,Assault: Retribution,PS,1998,Action,Telstar,0.07,0.05,0,0.01,0.13
9621,SkullMonkeys,PS,1998,Platform,DreamWorks Interactive,0.07,0.05,0,0.01,0.13
9689,Strikers 1945,PS,1998,Shooter,Midas Interactive Entertainment,0.07,0.05,0,0.01,0.12
9711,Echo Night,PS,1998,Adventure,From Software,0.03,0.02,0.07,0.01,0.12
9727,Guardian's Crusade,PS,1998,Role-Playing,Activision,0.07,0.05,0,0.01,0.12
9735,Bomberman Party Edition,PS,1998,Puzzle,Virgin Interactive,0.07,0.05,0,0.01,0.12
9878,Akuji the Heartless,PS,1998,Platform,Eidos Interactive,0.07,0.04,0,0.01,0.12
9914,Crime Killer,PS,1998,Racing,Interplay,0.07,0.04,0,0.01,0.12
9966,Thousand Arms,PS,1998,Role-Playing,Atlus,0.06,0.04,0,0.01,0.12
9971,Stolen Song,PS,1998,Adventure,Sony Computer Entertainment,0,0,0.11,0.01,0.12
10053,Shinseiki Evangelion: Koutetsu no Girlfriend,PS,1998,Adventure,Gainax Network Systems,0,0,0.11,0.01,0.11
10217,Batman & Robin,PS,1998,Action,Acclaim Entertainment,0.06,0.04,0,0.01,0.11
10381,"Grand Theft Auto: Mission Pack #1, London 1969",PS,1998,Adventure,Take-Two Interactive,0.06,0.04,0,0.01,0.11
10533,X-Men: Children of the Atom,PS,1998,Fighting,Acclaim Entertainment,0.06,0.04,0,0.01,0.1
10623,Dragonseeds,PS,1998,Action,Jaleco,0.03,0.02,0.04,0.01,0.1
10746,Option Tuning Car Battle,PS,1998,Racing,MTO,0,0,0.09,0.01,0.1
10759,Shadow Tower,PS,1998,Role-Playing,From Software,0.01,0.01,0.07,0.01,0.1
10824,Neo Atlas,PS,1998,Strategy,ArtDink,0,0,0.09,0.01,0.09
10860,Populous: The Beginning,PS,1998,Strategy,Electronic Arts,0.05,0.04,0,0.01,0.09
10986,Brigandine: The Legend of Forsena,PS,1998,Strategy,Atlus,0.05,0.03,0,0.01,0.09
11026,Hello Kitty's Cube Frenzy,PS,1998,Puzzle,Culture Publishers,0.05,0.03,0,0.01,0.09
11194,Invasion From Beyond,PS,1998,Shooter,GT Interactive,0.05,0.03,0,0.01,0.09
11219,Theme Hospital,PS,1998,Strategy,Electronic Arts,0.03,0.02,0.03,0.01,0.09
11282,Wreckin Crew,PS,1998,Racing,Telstar,0.05,0.03,0,0.01,0.08
11300,S.C.A.R.S,PS,1998,Racing,Ubisoft,0.05,0.03,0,0.01,0.08
11420,Slayers Royal,PS,1998,Role-Playing,Kadokawa Shoten,0,0,0.08,0.01,0.08
11452,R/C Stunt Copter,PS,1998,Simulation,Interplay,0.04,0.03,0,0.01,0.08
11591,Real Robots Final Attack,PS,1998,Shooter,Banpresto,0,0,0.07,0.01,0.08
11618,Auto Destruct,PS,1998,Action,Electronic Arts,0.04,0.03,0,0.01,0.08
11667,No One Can Stop Mr. Domino!,PS,1998,Misc,JVC,0.04,0.03,0,0,0.08
11675,Monkey Hero,PS,1998,Action,Take-Two Interactive,0.04,0.03,0,0,0.08
11737,Wizardry: Llylgamyn Saga,PS,1998,Role-Playing,Locus,0,0,0.07,0,0.07
11816,Uprising X,PS,1998,Action,3DO,0.04,0.03,0,0,0.07
11834,NOÃ«L: La Neige,PS,1998,Adventure,Pioneer LDC,0,0,0.07,0,0.07
11836,Roll Away,PS,1998,Puzzle,Sony Computer Entertainment,0.04,0.03,0,0,0.07
11917,Alexi Lalas International Soccer,PS,1998,Sports,Take-Two Interactive,0.04,0.03,0,0,0.07
11960,Vanguard Bandits,PS,1998,Strategy,Human Entertainment,0.04,0.03,0,0,0.07
11967,Blast Radius,PS,1998,Action,Psygnosis,0.04,0.03,0,0,0.07
12035,Circuit Breakers,PS,1998,Racing,Mindscape,0.04,0.03,0,0,0.07
12087,OverBlood 2,PS,1998,Action,Evolution Games,0,0,0.06,0,0.07
12180,Destrega,PS,1998,Fighting,Sony Computer Entertainment,0.04,0.03,0,0,0.07
12224,C: The Contra Adventure,PS,1998,Shooter,Konami Digital Entertainment,0.04,0.02,0,0,0.07
12249,Ojyousama Express,PS,1998,Strategy,Media Works,0,0,0.06,0,0.06
12356,R-Types,PS,1998,Shooter,Virgin Interactive,0.04,0.02,0,0,0.06
12396,Tokimeki no Houkago,PS,1998,Misc,Konami Digital Entertainment,0,0,0.06,0,0.06
12682,Real Bout Garou Densetsu Special: Dominated Mind,PS,1998,Fighting,SNK,0,0,0.05,0,0.06
12781,Choro Q Marine: Q Boat,PS,1998,Racing,Takara,0,0,0.05,0,0.06
12879,Bottom of the 9th '99,PS,1998,Sports,Konami Digital Entertainment,0.03,0.02,0,0,0.05
13010,Tiny Toon Adventures: Toonenstein - Dare to Scare,PS,1998,Action,Swing! Entertainment,0.03,0.02,0,0,0.05
13068,Thunder Force V: Perfect System,PS,1998,Shooter,TechnoSoft,0.03,0.02,0,0,0.05
13081,Bakusou Kyoudai Let's & Go!! Eternal Wings,PS,1998,Racing,Jaleco,0,0,0.05,0,0.05
13206,Shinseiki Evangelion- Eva: Yukai na Nakama Tachi,PS,1998,Misc,Gainax Network Systems,0,0,0.05,0,0.05
13253,Silhouette Mirage,PS,1998,Platform,ESP,0.03,0.02,0,0,0.05
13317,Romance of the Three Kingdoms VI: Awakening of the Dragon,PS,1998,Strategy,Tecmo Koei,0.03,0.02,0,0,0.05
13499,Angelique Duet,PS,1998,Strategy,Tecmo Koei,0,0,0.04,0,0.04
13555,The King of Fighters Kyo,PS,1998,Fighting,SNK Playmore,0,0,0.04,0,0.04
13572,The Smurfs,PS,1998,Action,Infogrames,0.02,0.02,0,0,0.04
13697,Breeding Stud 2,PS,1998,Sports,Konami Digital Entertainment,0,0,0.04,0,0.04
13709,Dead Ball Zone,PS,1998,Sports,GT Interactive,0.02,0.02,0,0,0.04
13757,Point Blank 2,PS,1998,Shooter,Namco Bandai Games,0.02,0.02,0,0,0.04
13861,Warhammer: Dark Omen,PS,1998,Strategy,Electronic Arts,0.02,0.01,0,0,0.04
13994,Rhapsody: A Musical Adventure,PS,1998,Role-Playing,Nippon Ichi Software,0.02,0.01,0,0,0.04
14154,Trap Gunner: Countdown to Oblivion,PS,1998,Strategy,Konami Digital Entertainment,0.02,0.01,0,0,0.03
14225,Tail Concerto,PS,1998,Adventure,Namco Bandai Games,0.02,0.01,0,0,0.03
14434,MotorHead,PS,1998,Racing,Gremlin Interactive Ltd,0.02,0.01,0,0,0.03
14518,Nectaris: Military Madness,PS,1998,Strategy,Hudson Soft,0.02,0.01,0,0,0.03
14713,Timeshock! Pro Pinball,PS,1998,Misc,Empire Interactive,0.02,0.01,0,0,0.03
14896,R-Type Delta,PS,1998,Shooter,Irem Software Engineering,0.01,0.01,0,0,0.03
14993,Bomberman Fantasy Race,PS,1998,Racing,Virgin Interactive,0.01,0.01,0,0,0.02
15038,Shanghai: True Valor,PS,1998,Puzzle,Activision,0.01,0.01,0,0,0.02
15476,Adidas Power Soccer 98,PS,1998,Sports,Psygnosis,0.01,0.01,0,0,0.02
15631,Rising Zan: The Samurai Gunman,PS,1998,Action,Agetec,0.01,0.01,0,0,0.02
15794,Irritating Stick,PS,1998,Action,Saurus,0.01,0.01,0,0,0.02
53,Gran Turismo,PS,1997,Racing,Sony Computer Entertainment,4.02,3.87,2.54,0.52,10.95
67,Final Fantasy VII,PS,1997,Role-Playing,Sony Computer Entertainment,3.01,2.47,3.28,0.96,9.72
96,Crash Bandicoot 2: Cortex Strikes Back,PS,1997,Platform,Sony Computer Entertainment,3.78,2.17,1.31,0.31,7.58
179,Tomb Raider II,PS,1997,Action,Eidos Interactive,2.3,2.46,0.2,0.28,5.24
279,Frogger,PS,1997,Action,Hasbro Interactive,3.79,0.27,0,0.11,4.16
360,Croc: Legend of the Gobbos,PS,1997,Platform,Fox Interactive,1.57,1.79,0,0.2,3.56
363,Tomb Raider III: Adventures of Lara Croft,PS,1997,Action,Eidos Interactive,1.66,1.58,0.12,0.18,3.54
528,Hot Shots Golf,PS,1997,Sports,Sony Computer Entertainment,0.29,0.2,2.13,0.18,2.79
631,Final Fantasy Tactics,PS,1997,Role-Playing,SquareSoft,0.93,0.12,1.34,0.06,2.45
686,Grand Theft Auto,PS,1997,Action,Take-Two Interactive,0.79,1.35,0.04,0.14,2.32
706,TOCA Touring Car Championship,PS,1997,Racing,Codemasters,0.07,2,0.02,0.18,2.28
717,Cool Boarders 2,PS,1997,Sports,UEP Systems,1.52,0.46,0.2,0.08,2.25
793,Derby Stallion,PS,1997,Sports,ASCII Entertainment,0,0,1.96,0.14,2.09
853,Tenchu: Stealth Assassins,PS,1997,Action,Activision,0.95,0.64,0.27,0.13,1.99
884,Jet Moto 2,PS,1997,Racing,Sony Computer Entertainment,1.41,0.42,0.03,0.07,1.94
1076,NFL GameDay 98,PS,1997,Sports,Sony Computer Entertainment,1.58,0.06,0,0.04,1.68
1079,Time Crisis,PS,1997,Shooter,Namco Bandai Games,0.38,0.87,0.33,0.1,1.68
1228,Tiger Woods 99 PGA Tour Golf,PS,1997,Sports,Electronic Arts,0.85,0.58,0,0.1,1.53
1232,Knockout Kings,PS,1997,Fighting,Electronic Arts,1.07,0.39,0,0.06,1.52
1250,NBA Live 98,PS,1997,Sports,Electronic Arts,1.41,0.06,0,0.04,1.51
1252,Monopoly,PS,1997,Misc,Hasbro Interactive,1.18,0.27,0,0.05,1.51
1439,Madden NFL 98,PS,1997,Sports,Electronic Arts,1.29,0.03,0,0.03,1.35
1453,SaGa Frontier,PS,1997,Role-Playing,SquareSoft,0.15,0.04,1.07,0.09,1.35
1494,Fighting Force,PS,1997,Fighting,Eidos Interactive,0.73,0.5,0,0.09,1.32
1522,Test Drive 5,PS,1997,Racing,Accolade,1.05,0.2,0,0.05,1.3
1553,Castlevania: Symphony of the Night,PS,1997,Platform,Konami Digital Entertainment,0.58,0.4,0.21,0.08,1.27
1606,Oddworld: Abe's Oddysee,PS,1997,Platform,GT Interactive,0.75,0.44,0,0.06,1.24
1637,Intelligent Qube,PS,1997,Puzzle,Sony Computer Entertainment,0.13,0.07,1,0.02,1.22
1644,NBA Live 99,PS,1997,Sports,Electronic Arts,1.13,0.05,0,0.03,1.22
1645,Chocobo no Fushigi Dungeon,PS,1997,Role-Playing,SquareSoft,0,0,1.14,0.08,1.22
1665,Test Drive 4,PS,1997,Racing,Electronic Arts,0.67,0.46,0,0.08,1.21
1688,Nuclear Strike,PS,1997,Simulation,Electronic Arts,0.66,0.45,0,0.08,1.19
1749,Bushido Blade,PS,1997,Fighting,Sony Computer Entertainment,0.39,0.27,0.43,0.08,1.16
1756,Test Drive: Off Road,PS,1997,Racing,Eidos Interactive,0.65,0.44,0,0.08,1.16
1782,Puyo Puyo Sun Ketteiban,PS,1997,Puzzle,Compile,0,0,1.07,0.07,1.15
1854,Triple Play 98,PS,1997,Sports,Electronic Arts,0.61,0.42,0,0.07,1.1
1888,Densha De Go!,PS,1997,Simulation,Taito,0,0,1.02,0.07,1.09
1930,NHL 99,PS,1997,Sports,Electronic Arts,0.59,0.4,0,0.07,1.07
1995,Tales of Destiny,PS,1997,Role-Playing,Namco Bandai Games,0.09,0.06,0.83,0.07,1.04
2037,The Lost World: Jurassic Park,PS,1997,Action,Electronic Arts,0.57,0.39,0,0.07,1.02
2052,Monster Rancher,PS,1997,Simulation,Tecmo Koei,0.12,0.08,0.74,0.07,1.01
2058,Breath of Fire III,PS,1997,Role-Playing,Capcom,0.29,0.19,0.46,0.07,1
2251,NHL 98,PS,1997,Sports,Electronic Arts,0.51,0.35,0,0.06,0.92
2341,Ace Combat 2,PS,1997,Simulation,Sony Computer Entertainment,0.16,0.11,0.56,0.06,0.89
2386,Need for Speed: V-Rally,PS,1997,Racing,Infogrames,0.43,0.29,0.09,0.06,0.87
2443,Rampage World Tour,PS,1997,Action,GT Interactive,0.47,0.32,0,0.06,0.85
2494,Mega Man Legends,PS,1997,Adventure,Capcom,0.39,0.26,0.12,0.05,0.83
2570,Moto Racer,PS,1997,Racing,Electronic Arts,0.45,0.3,0,0.05,0.8
2606,Momotarou Dentetsu 7,PS,1997,Simulation,Hudson Entertainment,0,0,0.74,0.05,0.79
2643,Battle Stations,PS,1997,Strategy,Electronic Arts,0.43,0.29,0,0.05,0.78
2748,Street Fighter EX Plus Alpha,PS,1997,Fighting,Virgin Interactive,0.28,0.19,0.23,0.05,0.75
2796,FIFA: Road to World Cup 98,PS,1997,Sports,Electronic Arts,0.14,0.09,0.46,0.05,0.73
2894,Jeopardy!,PS,1997,Misc,Hasbro Interactive,0.39,0.27,0,0.05,0.71
2918,NCAA Football 98,PS,1997,Sports,Electronic Arts,0.39,0.27,0,0.05,0.7
2950,Moto Racer 2,PS,1997,Racing,Electronic Arts,0.39,0.26,0,0.05,0.69
2977,Star Wars: Masters of Teras Kasi,PS,1997,Action,LucasArts,0.38,0.26,0,0.04,0.68
2984,Mortal Kombat Mythologies: Sub-Zero,PS,1997,Fighting,GT Interactive,0.38,0.26,0,0.04,0.68
3187,Nightmare Creatures,PS,1997,Action,Sony Computer Entertainment,0.35,0.24,0,0.04,0.63
3228,Final Fantasy VII International,PS,1997,Role-Playing,Square,0,0,0.59,0.04,0.63
3246,NBA ShootOut '97,PS,1997,Sports,Sony Computer Entertainment,0.35,0.24,0,0.04,0.62
3311,Duke Nukem: Total Meltdown,PS,1997,Shooter,GT Interactive,0.34,0.23,0,0.04,0.61
3391,Jikkyou Powerful Pro Yakyuu '97 Kaimakuban,PS,1997,Sports,Konami Digital Entertainment,0,0,0.56,0.04,0.59
3446,Diablo,PS,1997,Role-Playing,Electronic Arts,0.29,0.19,0.07,0.04,0.58
3802,Front Mission 2,PS,1997,Strategy,SquareSoft,0,0,0.49,0.03,0.53
3901,Virtual Pool,PS,1997,Sports,Interplay,0.28,0.19,0,0.03,0.51
3948,NHL FaceOff 98,PS,1997,Sports,Sony Computer Entertainment,0.28,0.19,0,0.03,0.51
3989,RPG Maker,PS,1997,Role-Playing,ASCII Entertainment,0.11,0.07,0.29,0.03,0.5
4440,Independence Day,PS,1997,Shooter,Fox Interactive,0.25,0.17,0,0.03,0.44
4563,NHL FaceOff 99,PS,1997,Sports,989 Studios,0.24,0.16,0,0.03,0.43
4594,Colony Wars,PS,1997,Simulation,Psygnosis,0.24,0.16,0,0.03,0.42
4668,X-Men vs. Street Fighter,PS,1997,Fighting,Capcom,0.16,0.11,0.12,0.03,0.42
4727,Command & Conquer: Red Alert,PS,1997,Strategy,Virgin Interactive,0.23,0.16,0,0.03,0.41
4736,Armored Core,PS,1997,Simulation,Sony Computer Entertainment,0.13,0.09,0.16,0.03,0.41
4812,Pet in TV,PS,1997,Strategy,Sony Computer Entertainment,0,0,0.38,0.03,0.4
4895,Bloody Roar,PS,1997,Fighting,Virgin Interactive,0.22,0.15,0,0.03,0.39
4986,San Francisco Rush: Extreme Racing,PS,1997,Racing,GT Interactive,0.21,0.15,0,0.03,0.38
5093,Tobal 2,PS,1997,Fighting,SquareSoft,0,0,0.35,0.02,0.37
5191,MechWarrior 2: 31st Century Combat,PS,1997,Simulation,Activision,0.2,0.14,0,0.02,0.36
5196,Mobile Suit Z-Gundam,PS,1997,Action,Namco Bandai Games,0,0,0.34,0.02,0.36
5203,Big Bass World Championship,PS,1997,Sports,Starfish,0.2,0.14,0,0.02,0.36
5263,Formula 1 Championship Edition,PS,1997,Racing,Psygnosis,0.06,0.04,0.23,0.02,0.36
5379,Marvel Super Heroes,PS,1997,Fighting,Virgin Interactive,0.19,0.13,0,0.02,0.34
5408,Point Blank,PS,1997,Shooter,Sony Computer Entertainment,0.05,0.03,0.23,0.02,0.34
5551,DX Game of Life 2,PS,1997,Misc,Takara,0,0,0.31,0.02,0.33
5601,Bust-A-Move '99,PS,1997,Puzzle,Acclaim Entertainment,0.18,0.12,0,0.02,0.32
5614,ESPN X-Games Pro Boarder,PS,1997,Sports,Sony Computer Entertainment,0.18,0.12,0,0.02,0.32
5639,Rally Cross,PS,1997,Racing,Sony Computer Entertainment,0.18,0.12,0,0.02,0.32
5661,Riven: The Sequel to Myst,PS,1997,Adventure,Acclaim Entertainment,0.18,0.12,0,0.02,0.32
5672,The Conveni: Ano Machi wo Dokusen Seyo,PS,1997,Simulation,Human Entertainment,0,0,0.3,0.02,0.32
5673,Shin Super Robot Taisen Special Disk,PS,1997,Strategy,Banpresto,0,0,0.3,0.02,0.32
5705,WarCraft II: The Dark Saga,PS,1997,Strategy,Electronic Arts,0.18,0.12,0,0.02,0.31
5738,EinhÃ¤nder,PS,1997,Shooter,SquareSoft,0.1,0.07,0.13,0.02,0.31
5786,Final Fantasy IV,PS,1997,Simulation,SquareSoft,0,0,0.29,0.02,0.31
5859,Cart World Series,PS,1997,Racing,Sony Computer Entertainment,0.17,0.11,0,0.02,0.3
5894,Macross Digital Mission VF-X,PS,1997,Simulation,Namco Bandai Games,0,0,0.28,0.02,0.3
5941,Future Cop L.A.P.D.,PS,1997,Simulation,Electronic Arts,0.16,0.11,0,0.02,0.3
6000,SD Gundam G Century,PS,1997,Strategy,Namco Bandai Games,0,0,0.27,0.02,0.29
6112,VMX Racing,PS,1997,Racing,Playmates,0.16,0.11,0,0.02,0.28
6256,Armored Core: Project Phantasma,PS,1997,Simulation,From Software,0.06,0.04,0.15,0.02,0.28
6277,Dynasty Warriors,PS,1997,Action,Tecmo Koei,0.09,0.06,0.11,0.02,0.27
6290,Dragon Ball GT: Final Bout,PS,1997,Fighting,Namco Bandai Games,0.02,0.02,0.22,0.02,0.27
6441,Gallop Racer 2: One and Only Road to Victory,PS,1997,Sports,Tecmo Koei,0,0,0.25,0.02,0.27
6469,Tomba!,PS,1997,Platform,Sony Computer Entertainment,0.15,0.1,0,0.02,0.26
6675,Marie no Atelier: Salburg no Renkinjutsushi,PS,1997,Role-Playing,Gust,0,0,0.23,0.02,0.25
6757,Choro Q2,PS,1997,Racing,Takara,0,0,0.23,0.02,0.25
6789,Spawn the Eternal,PS,1997,Action,Sony Computer Entertainment,0.14,0.09,0,0.02,0.24
6817,K-1 Revenge,PS,1997,Fighting,Xing Entertainment,0.04,0.03,0.16,0.02,0.24
6818,G-Police,PS,1997,Action,Psygnosis,0.13,0.09,0,0.02,0.24
7077,Critical Depth,PS,1997,Action,GT Interactive,0.13,0.09,0,0.01,0.23
7093,Alundra,PS,1997,Role-Playing,Psygnosis,0.13,0.09,0,0.01,0.23
7106,Pocket Fighter,PS,1997,Fighting,Virgin Interactive,0.06,0.04,0.12,0.01,0.23
7129,Jersey Devil,PS,1997,Platform,Ocean,0.13,0.09,0,0.01,0.23
7426,Angel Blade: Neo Tokyo Guardians,PS,1997,Role-Playing,On Demand,0.12,0.08,0,0.01,0.21
7599,MDK,PS,1997,Shooter,Interplay,0.11,0.08,0,0.01,0.2
7769,J-League Jikkyou Winning Eleven 3,PS,1997,Sports,Konami Digital Entertainment,0,0,0.18,0.01,0.19
7909,Princess Maker: Yumemiru Yosei,PS,1997,Strategy,Sony Computer Entertainment,0,0,0.18,0.01,0.19
7995,Treasures of the Deep,PS,1997,Action,Namco Bandai Games,0.1,0.07,0,0.01,0.19
8053,Klonoa: Door to Phantomile,PS,1997,Platform,Sony Computer Entertainment,0,0,0.17,0.01,0.18
8095,Moon,PS,1997,Adventure,ASCII Entertainment,0,0,0.17,0.01,0.18
8299,Resident Evil Director's Cut: Dual Shock Edition,PS,1997,Action,Capcom,0,0,0.16,0.01,0.17
8582,Power Stakes,PS,1997,Sports,Aques,0,0,0.15,0.01,0.16
8720,Courier Crisis,PS,1997,Racing,BMG Interactive Entertainment,0.09,0.06,0,0.01,0.15
8819,Kowloon's Gate,PS,1997,Adventure,Sony Computer Entertainment,0,0,0.14,0.01,0.15
8942,Mobile Suit Gundam: Perfect One Year War,PS,1997,Strategy,Namco Bandai Games,0,0,0.14,0.01,0.15
8968,Turbo Prop Racing,PS,1997,Racing,Sony Computer Entertainment,0.08,0.06,0,0.01,0.15
9012,Fox Sports Golf '99,PS,1997,Sports,Gremlin Interactive Ltd,0.08,0.05,0,0.01,0.14
9033,Thunder Truck Rally,PS,1997,Racing,Psygnosis,0.08,0.05,0,0.01,0.14
9060,Front Mission Alternative,PS,1997,Strategy,SquareSoft,0,0,0.13,0.01,0.14
9099,Xevious 3D/G+,PS,1997,Shooter,Sony Computer Entertainment,0.01,0.01,0.11,0.01,0.14
9132,Bravo Air Race,PS,1997,Racing,THQ,0.08,0.05,0,0.01,0.14
9135,Gundam: The Battle Master,PS,1997,Fighting,Namco Bandai Games,0,0,0.13,0.01,0.14
9150,The Granstream Saga,PS,1997,Role-Playing,Sony Computer Entertainment,0.08,0.05,0,0.01,0.14
9168,NCAA Basketball Final Four 97,PS,1997,Sports,Mindscape,0.08,0.05,0,0.01,0.14
9171,The Bombing Islands,PS,1997,Platform,Kemco,0.08,0.05,0,0.01,0.14
9296,Interactive Sampler Disc 6,PS,1997,Misc,Sony Computer Entertainment,0.08,0.05,0,0.01,0.14
9378,Azure Dreams,PS,1997,Role-Playing,Konami Digital Entertainment,0.07,0.05,0,0.01,0.13
9422,Nagano Winter Olympics '98,PS,1997,Sports,Konami Digital Entertainment,0.07,0.05,0,0.01,0.13
9658,Actua Tennis,PS,1997,Sports,Gremlin Interactive Ltd,0.07,0.05,0,0.01,0.13
9684,Clock Tower: The First Fear,PS,1997,Adventure,Human Entertainment,0,0,0.12,0.01,0.12
9718,Magic: The Gathering - Battlemage,PS,1997,Strategy,Acclaim Entertainment,0.07,0.05,0,0.01,0.12
9740,O.D.T.: Escape... Or Die Trying,PS,1997,Adventure,Psygnosis,0.07,0.05,0,0.01,0.12
10084,Mass Destruction,PS,1997,Shooter,BMG Interactive Entertainment,0.06,0.04,0,0.01,0.11
10178,Maximum Force,PS,1997,Shooter,GT Interactive,0.06,0.04,0,0.01,0.11
10259,Felony 11-79,PS,1997,Racing,ASCII Entertainment,0.06,0.04,0,0.01,0.11
10316,Hexen: Beyond Heretic,PS,1997,Shooter,GT Interactive,0.06,0.04,0,0.01,0.11
10661,Ghost in the Shell,PS,1997,Simulation,Sony Computer Entertainment,0.06,0.04,0,0.01,0.1
10677,Micro Machines V3,PS,1997,Racing,Codemasters,0.06,0.04,0,0.01,0.1
10751,Descent Maximum,PS,1997,Shooter,Interplay Productions,0.05,0.04,0,0.01,0.1
10771,Shadow Master,PS,1997,Adventure,Psygnosis,0.05,0.04,0,0.01,0.1
10797,Street Fighter Collection,PS,1997,Fighting,Capcom,0,0,0.09,0.01,0.1
10863,Rosco McQueen: Firefighter Extreme,PS,1997,Action,Sony Computer Entertainment,0.05,0.04,0,0.01,0.09
10984,Running Wild,PS,1997,Racing,989 Studios,0.05,0.03,0,0.01,0.09
11060,Porsche Challenge,PS,1997,Racing,Sony Computer Entertainment,0.05,0.03,0,0.01,0.09
11229,Codename Tenka,PS,1997,Shooter,Psygnosis,0.05,0.03,0,0.01,0.09
11248,Wing Commander IV: The Price of Freedom,PS,1997,Simulation,Origin Systems,0.05,0.03,0,0.01,0.09
11471,The King of Fighters '96,PS,1997,Fighting,SNK,0,0,0.07,0.01,0.08
11546,Ogre Battle Series: Tactics Ogre,PS,1997,Role-Playing,Atlus,0.04,0.03,0,0.01,0.08
11755,Buster Bros. Collection,PS,1997,Puzzle,Capcom,0.04,0.03,0,0,0.07
11844,G Darius,PS,1997,Shooter,THQ,0.04,0.03,0,0,0.07
12031,RayStorm,PS,1997,Shooter,Sony Computer Entertainment,0.04,0.03,0,0,0.07
12053,Fantastic Four,PS,1997,Action,Acclaim Entertainment,0.04,0.03,0,0,0.07
12116,TigerShark,PS,1997,Simulation,GT Interactive,0.04,0.03,0,0,0.07
12118,Norse by Norsewest: The Return of the Lost Vikings,PS,1997,Action,Interplay,0.04,0.03,0,0,0.07
12176,Mega Man: Battle & Chase,PS,1997,Racing,Capcom,0,0,0.06,0,0.07
12212,Pandemonium 2,PS,1997,Platform,BMG Interactive Entertainment,0.04,0.02,0,0,0.07
12303,Ray Tracers,PS,1997,Racing,Sony Computer Entertainment,0.04,0.02,0,0,0.06
12656,Broken Helix,PS,1997,Action,Konami Digital Entertainment,0.03,0.02,0,0,0.06
12742,Broken Sword II: The Smoking Mirror,PS,1997,Adventure,Sony Computer Entertainment,0.03,0.02,0,0,0.06
12798,Elemental Gearbolt,PS,1997,Shooter,Sony Computer Entertainment,0.03,0.02,0,0,0.06
12845,NHL Powerplay 98,PS,1997,Sports,Virgin Interactive,0.03,0.02,0,0,0.05
12939,Judge Dredd,PS,1997,Platform,Gremlin Interactive Ltd,0.03,0.02,0,0,0.05
13445,Wayne Gretzky's 3D Hockey '98,PS,1997,Sports,GT Interactive,0.03,0.02,0,0,0.05
13514,Grand Slam,PS,1997,Misc,Virgin Interactive,0.02,0.02,0,0,0.04
13826,Syndicate Wars,PS,1997,Strategy,Electronic Arts,0.02,0.01,0,0,0.04
13829,Herc's Adventures,PS,1997,Action,Virgin Interactive,0.02,0.01,0,0,0.04
13902,Crypt Killer,PS,1997,Shooter,Konami Digital Entertainment,0.02,0.01,0,0,0.04
13914,Darklight Conflict,PS,1997,Simulation,Electronic Arts,0.02,0.01,0,0,0.04
14455,Peak Performance,PS,1997,Racing,JVC,0.02,0.01,0,0,0.03
14540,Master of Monsters: Disciples of Gaia,PS,1997,Strategy,Agetec,0.02,0.01,0,0,0.03
14718,Rush Hour,PS,1997,Misc,Psygnosis,0.02,0.01,0,0,0.03
14789,Poy Poy,PS,1997,Action,Konami Digital Entertainment,0.01,0.01,0,0,0.03
14807,Nanotek Warrior,PS,1997,Shooter,Virgin Interactive,0.01,0.01,0,0,0.03
14998,Bugriders: The Race of Kings,PS,1997,Racing,GT Interactive,0.01,0.01,0,0,0.02
15030,Kensei: Sacred Fist,PS,1997,Fighting,Konami Digital Entertainment,0.01,0.01,0,0,0.02
15077,Bottom of the 9th '97,PS,1997,Sports,Konami Digital Entertainment,0.01,0.01,0,0,0.02
15210,Ballblazer Champions,PS,1997,Sports,CTO SpA,0.01,0.01,0,0,0.02
15518,Puzzle Star Sweep,PS,1997,Puzzle,Midas Interactive Entertainment,0.01,0.01,0,0,0.02
15543,The Crow: City of Angels,PS,1997,Action,Acclaim Entertainment,0.01,0.01,0,0,0.02
117,Crash Bandicoot,PS,1996,Platform,Sony Computer Entertainment,3.23,2.35,0.94,0.3,6.82
153,Tekken 2,PS,1996,Fighting,Sony Computer Entertainment,2.26,1.89,1.36,0.23,5.74
202,Resident Evil,PS,1996,Action,Virgin Interactive,2.05,1.16,1.11,0.73,5.05
230,Tomb Raider,PS,1996,Action,Eidos Interactive,2.29,1.97,0.13,0.24,4.63
294,Namco Museum Vol.3,PS,1996,Misc,Sony Computer Entertainment,2.28,1.55,0.16,0.06,4.05
326,Resident Evil Director's Cut,PS,1996,Action,Virgin Interactive,1.82,1.24,0.47,0.25,3.77
533,Mortal Kombat Trilogy,PS,1996,Fighting,GT Interactive,1.98,0.7,0,0.11,2.79
632,Twisted Metal 2,PS,1996,Racing,Sony Computer Entertainment,2.12,0.25,0,0.07,2.44
647,Tetris Plus,PS,1996,Puzzle,JVC,2.1,0.24,0,0.07,2.4
902,PaRappa The Rapper,PS,1996,Misc,Sony Computer Entertainment,0.26,0.16,1.46,0.03,1.92
948,Jet Moto,PS,1996,Racing,Sony Computer Entertainment,1.33,0.4,0.03,0.07,1.83
1163,Soul Edge,PS,1996,Fighting,Sony Computer Entertainment,0.61,0.41,0.46,0.1,1.59
1218,Die Hard Trilogy,PS,1996,Shooter,Fox Interactive,0.85,0.58,0,0.1,1.54
1234,NASCAR 98,PS,1996,Racing,Electronic Arts,1.43,0.05,0,0.04,1.52
1384,2Xtreme,PS,1996,Sports,Sony Computer Entertainment,1.15,0.2,0,0.05,1.4
1497,Madden NFL 97,PS,1996,Sports,Electronic Arts,0.73,0.5,0,0.09,1.32
1501,TNN Motor Sports Hardcore 4x4,PS,1996,Racing,ASC Games,0.73,0.5,0,0.09,1.31
1591,Reel Fishing,PS,1996,Sports,Natsume,0.99,0.13,0.1,0.04,1.25
1647,SimCity 2000,PS,1996,Simulation,Maxis,0.68,0.46,0,0.08,1.22
1720,Soviet Strike,PS,1996,Simulation,Electronic Arts,0.65,0.44,0,0.08,1.17
1734,Rage Racer,PS,1996,Racing,Sony Computer Entertainment,0.16,0.11,0.83,0.08,1.17
1737,Destruction Derby 2,PS,1996,Racing,Psygnosis,0.65,0.44,0,0.08,1.17
1974,Arc the Lad II,PS,1996,Role-Playing,Sony Computer Entertainment,0,0,0.92,0.13,1.05
1998,Mega Man X4,PS,1996,Action,Virgin Interactive,0.45,0.3,0.22,0.07,1.04
2073,NBA Live 97,PS,1996,Sports,Electronic Arts,0.55,0.38,0,0.07,1
2183,Wild ARMs,PS,1996,Role-Playing,Sony Computer Entertainment,0.26,0.17,0.46,0.06,0.95
2202,Midway Presents Arcade's Greatest Hits: The Atari Collection 1,PS,1996,Misc,GT Interactive,0.52,0.36,0,0.06,0.94
2258,Space Jam,PS,1996,Sports,Acclaim Entertainment,0.51,0.35,0,0.06,0.92
2271,Tobal No.1,PS,1996,Fighting,Sony Computer Entertainment,0.12,0.08,0.66,0.06,0.92
2356,Mega Man 8 Anniversary Collector's Edition,PS,1996,Platform,Capcom,0.44,0.3,0.09,0.06,0.88
2368,Star Wars: Rebel Assault II - The Hidden Empire,PS,1996,Shooter,CTO SpA,0.49,0.33,0,0.06,0.88
2391,NFL GameDay '97,PS,1996,Sports,Sony Computer Entertainment,0.48,0.33,0,0.06,0.87
2437,Street Fighter Alpha 2,PS,1996,Fighting,Virgin Interactive,0.14,0.09,0.57,0.06,0.85
2504,Casper,PS,1996,Adventure,Interplay,0.46,0.31,0,0.05,0.83
2663,Andretti Racing,PS,1996,Racing,Electronic Arts,0.43,0.29,0,0.05,0.77
2689,Formula 1,PS,1996,Racing,Psygnosis,0.18,0.12,0.42,0.05,0.76
2834,Area 51,PS,1996,Shooter,GT Interactive,0.4,0.27,0,0.05,0.72
3017,Contra: Legacy of War,PS,1996,Shooter,Konami Digital Entertainment,0.37,0.25,0,0.04,0.67
3242,WWF in Your House,PS,1996,Fighting,Acclaim Entertainment,0.35,0.24,0,0.04,0.62
3642,Shin Super Robot Taisen,PS,1996,Role-Playing,Banpresto,0,0,0.52,0.04,0.55
3667,Star Wars: Dark Forces,PS,1996,Shooter,LucasArts,0.31,0.21,0,0.04,0.55
3686,Top Gun: Fire at Will!,PS,1996,Misc,Microprose,0.3,0.21,0,0.04,0.55
3761,Clock Tower,PS,1996,Adventure,ASCII Entertainment,0.07,0.05,0.38,0.03,0.53
3779,Jampack Vol. 2,PS,1996,Misc,Sony Computer Entertainment,0.3,0.2,0,0.03,0.53
3887,International Track & Field,PS,1996,Sports,Konami Digital Entertainment,0.08,0.05,0.35,0.03,0.51
3917,Dai-4-Ji Super Robot Taisen S,PS,1996,Strategy,Banpresto,0,0,0.48,0.03,0.51
4009,PoPoLoCrois Monogatari,PS,1996,Role-Playing,Sony Computer Entertainment,0,0,0.46,0.03,0.5
4150,Alien Trilogy,PS,1996,Shooter,Acclaim Entertainment,0.24,0.16,0.04,0.03,0.47
4216,NHL 97,PS,1996,Sports,Electronic Arts,0.26,0.18,0,0.03,0.47
4264,NHL FaceOff '97,PS,1996,Sports,Sony Computer Entertainment,0.26,0.17,0,0.03,0.46
4401,Vandal Hearts,PS,1996,Role-Playing,Konami Digital Entertainment,0.14,0.09,0.19,0.03,0.45
4433,World Stadium EX,PS,1996,Sports,Namco Bandai Games,0,0,0.41,0.03,0.44
4451,Blood Omen: Legacy of Kain,PS,1996,Role-Playing,Crystal Dynamics,0.25,0.17,0,0.03,0.44
4542,Cool Boarders,PS,1996,Sports,Sony Computer Entertainment,0.1,0.07,0.24,0.03,0.43
4718,NASCAR Racing,PS,1996,Racing,Pioneer LDC,0.23,0.16,0,0.03,0.41
4755,Pro Pinball,PS,1996,Misc,Empire Interactive,0.23,0.15,0,0.03,0.41
4866,Command & Conquer,PS,1996,Strategy,Virgin Interactive,0.22,0.15,0,0.03,0.4
4981,Triple Play 97,PS,1996,Sports,Electronic Arts Victor,0.21,0.15,0,0.03,0.38
5032,Mobile Suit Gundam version 2.0,PS,1996,Action,Namco Bandai Games,0,0,0.36,0.02,0.38
5434,Fade to Black,PS,1996,Action,Electronic Arts,0.19,0.13,0,0.02,0.34
5447,Tokyo Highway Battle,PS,1996,Racing,Jaleco,0.06,0.04,0.21,0.02,0.33
5553,NBA Live 96,PS,1996,Sports,Electronic Arts,0.16,0.11,0.04,0.02,0.33
5613,OverBlood,PS,1996,Action,Electronic Arts,0.05,0.04,0.21,0.02,0.32
5733,Alone in the Dark: One-Eyed Jack's Revenge,PS,1996,Adventure,Infogrames,0.17,0.12,0,0.02,0.31
5911,Star Gladiator Episode: I Final Crusade,PS,1996,Fighting,Virgin Interactive,0.07,0.05,0.15,0.02,0.3
6048,DX Game of Life,PS,1996,Misc,Takara,0,0,0.27,0.02,0.29
6053,MLB Pennant Race,PS,1996,Sports,Sony Computer Entertainment,0.16,0.11,0,0.02,0.29
6078,Namco Museum Vol.2,PS,1996,Misc,Sony Computer Entertainment,0.03,0.02,0.21,0.02,0.29
6098,PGA Tour 97,PS,1996,Sports,Electronic Arts,0.16,0.11,0,0.02,0.29
6272,Shin Nippon Pro Wrestling: Toukon Retsuden 2,PS,1996,Fighting,Tomy Corporation,0,0,0.26,0.02,0.27
6302,Gunship,PS,1996,Simulation,Microprose,0.15,0.1,0,0.02,0.27
6412,Battle Arena Toshinden 3,PS,1996,Fighting,Sony Computer Entertainment,0.06,0.04,0.14,0.02,0.27
6460,King's Field II,PS,1996,Role-Playing,From Software,0.08,0.06,0.11,0.02,0.26
6464,NCAA Gamebreaker,PS,1996,Sports,Sony Computer Entertainment,0.15,0.1,0,0.02,0.26
6657,WipEout XL,PS,1996,Racing,Psygnosis,0.14,0.1,0,0.02,0.25
6700,Penny Racers,PS,1996,Racing,Sony Computer Entertainment,0,0,0.23,0.02,0.25
6752,Project Overkill,PS,1996,Shooter,Konami Digital Entertainment,0.14,0.09,0,0.02,0.25
6753,Jumping Flash! 2,PS,1996,Platform,Sony Computer Entertainment,0.05,0.03,0.15,0.02,0.25
6788,Gallop Racer (JP),PS,1996,Sports,Tecmo Koei,0.04,0.03,0.16,0.02,0.24
7048,Perfect Weapon,PS,1996,Action,American Softworks,0.13,0.09,0,0.02,0.23
7190,NFL Quarterback Club 97,PS,1996,Sports,Acclaim Entertainment,0.12,0.08,0,0.01,0.22
7237,NBA Jam Extreme,PS,1996,Sports,Acclaim Entertainment,0.12,0.08,0,0.01,0.22
7322,Pandemonium!,PS,1996,Platform,BMG Interactive Entertainment,0.12,0.08,0,0.01,0.21
7385,NOÃ«L: NOT DiGITAL,PS,1996,Adventure,Pioneer LDC,0,0,0.2,0.01,0.21
7421,Bastard!! Utsuro Naru Kamigami no Utsuwa,PS,1996,Role-Playing,Seta Corporation,0,0,0.2,0.01,0.21
7591,Ogre Battle Saga Episode Five: The March of the Black Queen,PS,1996,Role-Playing,ArtDink,0.06,0.04,0.09,0.01,0.2
7657,Namco Museum Vol.4,PS,1996,Misc,Sony Computer Entertainment,0.02,0.01,0.16,0.01,0.2
7747,Dragon Ball Z: Idainaru Dragon Ball Densetsu,PS,1996,Fighting,Namco Bandai Games,0,0,0.18,0.01,0.19
7799,Descent,PS,1996,Shooter,Interplay,0.11,0.07,0,0.01,0.19
7829,Allied General,PS,1996,Strategy,SSI,0.11,0.07,0,0.01,0.19
7879,Warhammer: Shadow of the Horned Rat,PS,1996,Strategy,Mindscape,0.11,0.07,0,0.01,0.19
7959,Bubsy 3D,PS,1996,Platform,Accolade,0.1,0.07,0,0.01,0.19
8091,Jampack Vol. 1,PS,1996,Misc,Sony Computer Entertainment,0.1,0.07,0,0.01,0.18
8253,Time Commando,PS,1996,Action,Adeline Software,0.1,0.07,0,0.01,0.17
8303,The King of Fighters '95,PS,1996,Fighting,Sony Computer Entertainment,0,0,0.16,0.01,0.17
8377,Reloaded,PS,1996,Action,Gremlin Interactive Ltd,0.09,0.06,0,0.01,0.17
8390,VR Golf '97,PS,1996,Sports,Gremlin Interactive Ltd,0.09,0.06,0,0.01,0.17
8409,Tokimeki Memorial: Private Collection,PS,1996,Misc,Konami Digital Entertainment,0,0,0.16,0.01,0.17
8662,FIFA Soccer 97,PS,1996,Sports,Electronic Arts,0.09,0.06,0,0.01,0.16
8664,Psychic Force,PS,1996,Fighting,Acclaim Entertainment,0.01,0.01,0.13,0.01,0.16
8686,Street Racer,PS,1996,Racing,Ubisoft,0.09,0.06,0,0.01,0.16
8699,The Incredible Hulk: The Pantheon Saga,PS,1996,Action,Eidos Interactive,0.09,0.06,0,0.01,0.16
8714,Wing Commander III: Heart of the Tiger,PS,1996,Action,Electronic Arts,0.09,0.06,0,0.01,0.16
8719,Namco Museum Vol.5,PS,1996,Misc,Sony Computer Entertainment,0.02,0.01,0.12,0.01,0.15
8957,Blazing Dragons,PS,1996,Adventure,Crystal Dynamics,0.08,0.06,0,0.01,0.15
9040,Iron & Blood,PS,1996,Fighting,Acclaim Entertainment,0.08,0.05,0,0.01,0.14
9187,Frank Thomas Big Hurt Baseball,PS,1996,Sports,Acclaim Entertainment,0.08,0.05,0,0.01,0.14
9192,Bottom of the 9th,PS,1996,Sports,Konami Digital Entertainment,0.08,0.05,0,0.01,0.14
9217,Super Puzzle Fighter II Turbo,PS,1996,Puzzle,Virgin Interactive,0.08,0.05,0,0.01,0.14
9311,NHL Breakaway 98,PS,1996,Sports,Acclaim Entertainment,0.08,0.05,0,0.01,0.14
9608,Black Dawn,PS,1996,Simulation,Virgin Interactive,0.07,0.05,0,0.01,0.13
9675,Criticom,PS,1996,Fighting,Vic Tokai,0.07,0.05,0,0.01,0.12
9845,Burning Road,PS,1996,Racing,FunSoft,0.07,0.05,0,0.01,0.12
9888,HardBall 5,PS,1996,Sports,SPS,0.07,0.04,0,0.01,0.12
9961,Tecmo Super Bowl,PS,1996,Sports,Tecmo Koei,0.06,0.04,0,0.01,0.12
9965,NHL Powerplay '96,PS,1996,Sports,Virgin Interactive,0.06,0.04,0,0.01,0.12
10340,Goal Storm '97,PS,1996,Sports,Konami Digital Entertainment,0.01,0,0.09,0.01,0.11
10585,Olympic Summer Games: Atlanta 1996,PS,1996,Sports,U.S. Gold,0.06,0.04,0,0.01,0.1
10738,Blast Chamber,PS,1996,Shooter,Activision,0.05,0.04,0,0.01,0.1
10757,Virtual Pro Wrestling,PS,1996,Fighting,Asmik Ace Entertainment,0,0,0.09,0.01,0.1
10775,Tokimeki Memorial: Taisen Pazurudama,PS,1996,Puzzle,Konami Digital Entertainment,0,0,0.09,0.01,0.1
10920,Bogey: Dead 6,PS,1996,Simulation,Sony Computer Entertainment,0.05,0.04,0,0.01,0.09
10961,Return Fire,PS,1996,Strategy,Time Warner Interactive,0.05,0.03,0,0.01,0.09
11056,Tunnel B1,PS,1996,Action,Ocean,0.05,0.03,0,0.01,0.09
11164,Sotsugyou Crossworld,PS,1996,Simulation,Hearty Robin,0,0,0.08,0.01,0.09
11380,Iron Man / X-O Manowar in Heavy Metal,PS,1996,Platform,Acclaim Entertainment,0.05,0.03,0,0.01,0.08
11385,Robotron X,PS,1996,Shooter,GT Interactive,0.05,0.03,0,0.01,0.08
11626,Skeleton Warriors,PS,1996,Platform,Virgin Interactive,0.04,0.03,0,0.01,0.08
11771,NHL Open Ice,PS,1996,Sports,Midway Games,0.04,0.03,0,0,0.07
11842,Spot Goes to Hollywood,PS,1996,Platform,Virgin Interactive,0.04,0.03,0,0,0.07
11959,Machine Head,PS,1996,Shooter,Eidos Interactive,0.04,0.03,0,0,0.07
12009,Tecmo's Deception,PS,1996,Role-Playing,Sunsoft,0.04,0.03,0,0,0.07
12062,Strike Point,PS,1996,Simulation,Elite,0.04,0.03,0,0,0.07
12182,The Final Round,PS,1996,Sports,Konami Digital Entertainment,0.04,0.03,0,0,0.07
12242,Speed Racer,PS,1996,Racing,Tomy Corporation,0.04,0.02,0,0,0.07
12502,NBA Hangtime,PS,1996,Sports,Midway Games,0.03,0.02,0,0,0.06
12635,Killing Zone,PS,1996,Fighting,Acclaim Entertainment,0.03,0.02,0,0,0.06
12766,Starwinder: The Ultimate Space Race,PS,1996,Racing,Mindscape,0.03,0.02,0,0,0.06
12811,Impact Racing,PS,1996,Racing,JVC,0.03,0.02,0,0,0.06
12846,Olympic Soccer: Atlanta 1996,PS,1996,Sports,U.S. Gold,0.03,0.02,0,0,0.05
13146,Chronicles of the Sword,PS,1996,Adventure,Psygnosis,0.03,0.02,0,0,0.05
13173,SD Gundam: Over Galaxian,PS,1996,Shooter,Namco Bandai Games,0,0,0.05,0,0.05
13282,VR Soccer '96,PS,1996,Sports,Gremlin Interactive Ltd,0.03,0.02,0,0,0.05
13352,Crusader: No Remorse,PS,1996,Adventure,Electronic Arts,0.03,0.02,0,0,0.05
13480,Assault Rigs,PS,1996,Action,Electronic Arts Victor,0.02,0.02,0,0,0.04
13500,Shin Fortune Quest: Sokutaku no Kishi,PS,1996,Misc,Media Works,0,0,0.04,0,0.04
13909,PO'ed,PS,1996,Shooter,Time Warner Interactive,0.02,0.01,0,0,0.04
13911,Adidas Power Soccer,PS,1996,Sports,Psygnosis,0.02,0.01,0,0,0.04
14031,True Pinball,PS,1996,Misc,Ocean,0.02,0.01,0,0,0.04
14192,Batman Forever: The Arcade Game,PS,1996,Action,Acclaim Entertainment,0.02,0.01,0,0,0.03
14219,3D Baseball,PS,1996,Sports,BMG Interactive Entertainment,0.02,0.01,0,0,0.03
14248,PowerSlave,PS,1996,Shooter,BMG Interactive Entertainment,0.02,0.01,0,0,0.03
14358,DragonHeart: Fire & Steel,PS,1996,Action,Acclaim Entertainment,0.02,0.01,0,0,0.03
14478,Lethal Enforcers I & II,PS,1996,Shooter,Konami Digital Entertainment,0.02,0.01,0,0,0.03
14521,BRAHMA Force: The Assault on Beltlogger 9,PS,1996,Shooter,JVC,0.02,0.01,0,0,0.03
14595,Grid Runner,PS,1996,Action,Virgin Interactive,0.02,0.01,0,0,0.03
14782,The Adventures of Lomax,PS,1996,Platform,Psygnosis,0.01,0.01,0,0,0.03
14877,Pitball,PS,1996,Sports,Time Warner Interactive,0.01,0.01,0,0,0.03
14905,War Gods,PS,1996,Fighting,GT Interactive,0.01,0.01,0,0,0.03
15304,Brain Dead 13,PS,1996,Adventure,Coconuts Japan,0.01,0.01,0,0,0.02
15651,Tail of the Sun,PS,1996,Role-Playing,ArtDink,0.01,0.01,0,0,0.02
15763,Discworld II: Mortality Bytes!,PS,1996,Adventure,Psygnosis,0.01,0.01,0,0,0.02
16229,Victory Spike,PS,1996,Sports,Imagineer,0,0,0.01,0,0.01
16376,Meru Purana,PS,1996,Strategy,Gust,0,0,0.01,0,0.01
318,Namco Museum Vol.1,PS,1995,Misc,Sony Computer Entertainment,2.12,1.44,0.22,0.06,3.84
416,Tekken,PS,1995,Fighting,Sony Computer Entertainment,0.95,1.3,0.77,0.22,3.24
463,Rayman,PS,1995,Platform,Ubisoft,1.54,1.33,0,0.16,3.03
952,Air Combat,PS,1995,Simulation,Sony Computer Entertainment,0.92,0.33,0.52,0.05,1.83
1190,Twisted Metal,PS,1995,Action,Sony Computer Entertainment,1.32,0.19,0,0.05,1.56
1556,Road Rash,PS,1995,Racing,Electronic Arts,0.71,0.48,0,0.08,1.27
1842,Arc the Lad,PS,1995,Role-Playing,Sony Computer Entertainment,0,0,1.1,0.01,1.11
1936,Ridge Racer Revolution,PS,1995,Racing,Sony Computer Entertainment,0.17,0.12,0.71,0.07,1.07
2070,Road & Track Presents: The Need for Speed,PS,1995,Racing,Electronic Arts,0.56,0.38,0,0.07,1
2304,Destruction Derby,PS,1995,Racing,Psygnosis,0.5,0.34,0,0.06,0.9
2378,Gex,PS,1995,Platform,Crystal Dynamics,0.49,0.33,0,0.06,0.87
2448,NFL GameDay,PS,1995,Sports,Sony Computer Entertainment,0.47,0.32,0,0.06,0.85
2696,Street Fighter Alpha: Warriors' Dreams,PS,1995,Fighting,Virgin Interactive,0.17,0.11,0.43,0.05,0.76
2892,Battle Arena Toshinden 2,PS,1995,Fighting,Sony Computer Entertainment,0.15,0.1,0.41,0.05,0.71
3354,Suikoden,PS,1995,Role-Playing,Konami Digital Entertainment,0.21,0.14,0.21,0.04,0.6
3445,Tokimeki Memorial: Forever with You,PS,1995,Simulation,Konami Digital Entertainment,0,0,0.55,0.04,0.58
3522,Beyond The Beyond,PS,1995,Role-Playing,Sony Computer Entertainment,0.11,0.08,0.35,0.04,0.57
3680,Mortal Kombat 3,PS,1995,Fighting,Sony Computer Entertainment,0.29,0.2,0.02,0.04,0.55
3987,Bases Loaded '96: Double Header,PS,1995,Sports,Jaleco,0.28,0.19,0,0.03,0.5
4167,WipEout,PS,1995,Action,Psygnosis,0.26,0.18,0,0.03,0.47
4305,Warhawk,PS,1995,Simulation,Sony Computer Entertainment,0.25,0.17,0,0.03,0.46
4375,Persona,PS,1995,Role-Playing,Atlus,0,0,0.42,0.03,0.45
4381,Mobile Suit Gundam,PS,1995,Action,Namco Bandai Games,0,0,0.42,0.03,0.45
5247,Boxer's Road,PS,1995,Fighting,New,0,0,0.33,0.02,0.36
5571,Shin Nippon Pro Wrestling: Toukon Retsuden,PS,1995,Fighting,Tomy Corporation,0,0,0.3,0.02,0.33
5642,Extreme Pinball,PS,1995,Misc,Electronic Arts,0.18,0.12,0,0.02,0.32
5709,NBA ShootOut,PS,1995,Sports,Sony Computer Entertainment,0.17,0.12,0,0.02,0.31
5844,Jumping Flash!,PS,1995,Platform,Sony Computer Entertainment,0.05,0.03,0.21,0.02,0.3
6198,NBA In The Zone,PS,1995,Sports,Konami Digital Entertainment,0.16,0.11,0,0.02,0.28
6401,Final Doom,PS,1995,Shooter,GT Interactive,0.15,0.1,0,0.02,0.27
6716,NBA Jam Tournament Edition,PS,1995,Sports,Acclaim Entertainment,0.14,0.09,0,0.02,0.25
6786,Panzer General,PS,1995,Strategy,Mindscape,0.14,0.09,0,0.02,0.24
6805,Namco Tennis Smash Court,PS,1995,Sports,Sony Computer Entertainment,0,0,0.23,0.02,0.24
6924,PGA Tour 96,PS,1995,Sports,Electronic Arts,0.13,0.09,0,0.02,0.24
7104,The Raiden Project,PS,1995,Shooter,Ocean,0.06,0.04,0.12,0.01,0.23
7683,Bust-A-Move 2 Arcade Edition,PS,1995,Puzzle,Acclaim Entertainment,0.11,0.07,0,0.01,0.2
7922,College Slam,PS,1995,Sports,Acclaim Entertainment,0.1,0.07,0,0.01,0.19
8237,Street Fighter: The Movie,PS,1995,Fighting,Acclaim Entertainment,0.1,0.07,0,0.01,0.17
8354,Space Griffon VF-9,PS,1995,Role-Playing,Panther Software,0.02,0.02,0.12,0.01,0.17
8394,Off-World Interceptor Extreme,PS,1995,Racing,Crystal Dynamics,0.09,0.06,0,0.01,0.17
8516,King's Field,PS,1995,Role-Playing,Sony Computer Entertainment,0.09,0.06,0,0.01,0.16
8627,FIFA Soccer 96,PS,1995,Sports,Electronic Arts,0.09,0.06,0,0.01,0.16
8669,StarBlade Î±,PS,1995,Shooter,Sony Computer Entertainment,0,0,0.15,0.01,0.16
8989,Wizardry VII: Gadeia no Houshu,PS,1995,Role-Playing,Sony Computer Entertainment,0,0,0.14,0.01,0.15
9164,Epidemic,PS,1995,Shooter,Sony Computer Entertainment,0.02,0.01,0.1,0.01,0.14
9209,Agile Warrior F-111X,PS,1995,Simulation,Virgin Interactive,0.08,0.05,0,0.01,0.14
9243,Cyber Sled,PS,1995,Action,Sony Computer Entertainment,0,0,0.13,0.01,0.14
9258,In the Hunt,PS,1995,Shooter,THQ,0.03,0.02,0.07,0.01,0.14
9367,Sentou Kokka Air Land Battle,PS,1995,Strategy,Sony Computer Entertainment,0,0,0.13,0.01,0.13
9462,Romance of the Three Kingdoms IV: Wall of Fire,PS,1995,Strategy,Tecmo Koei,0.05,0.03,0.04,0.01,0.13
9470,Disruptor,PS,1995,Shooter,Interplay,0.07,0.05,0,0.01,0.13
9538,Namco Soccer Prime Goal,PS,1995,Sports,Sony Computer Entertainment,0,0,0.12,0.01,0.13
9607,World Cup Golf: Professional Edition,PS,1995,Sports,U.S. Gold,0.07,0.05,0,0.01,0.13
9980,Sengoku Cyber: Fujimaru Jigokuhen,PS,1995,Strategy,Sony Computer Entertainment,0,0,0.11,0.01,0.12
10338,Victory Zone,PS,1995,Misc,Sony Computer Entertainment,0,0,0.1,0.01,0.11
10354,Hyper Formation Soccer,PS,1995,Sports,Human Entertainment,0,0,0.1,0.01,0.11
10380,Carnage Heart,PS,1995,Strategy,Sony Computer Entertainment,0.01,0.01,0.09,0.01,0.11
10406,Project: Horned Owl,PS,1995,Shooter,Sony Computer Entertainment,0.03,0.02,0.05,0.01,0.11
10418,D,PS,1995,Adventure,Acclaim Entertainment,0,0,0.1,0.01,0.11
10497,Revolution X,PS,1995,Shooter,Acclaim Entertainment,0.06,0.04,0,0.01,0.1
10514,Gouketuji Ichizoku 2: Chottodake Saikyou Densetsu,PS,1995,Fighting,Atlus,0,0,0.1,0.01,0.1
10539,Shellshock,PS,1995,Action,Core Design Ltd.,0.06,0.04,0,0.01,0.1
10877,X-COM: UFO Defense,PS,1995,Strategy,Microprose,0.05,0.04,0,0.01,0.09
10907,Shockwave Assault,PS,1995,Simulation,Electronic Arts,0.05,0.04,0,0.01,0.09
10972,Rapid Reload,PS,1995,Shooter,Sony Computer Entertainment,0,0,0.09,0.01,0.09
11065,Detana TwinBee Yahho! Deluxe Pack,PS,1995,Shooter,Konami Digital Entertainment,0,0,0.08,0.01,0.09
11239,Cyberia,PS,1995,Action,Interplay,0.05,0.03,0,0.01,0.09
11357,Blades of Blood: Samurai Shodown III,PS,1995,Fighting,Sony Computer Entertainment,0.05,0.03,0,0.01,0.08
11442,Slam 'n Jam '96 featuring Magic & Kareem,PS,1995,Sports,Crystal Dynamics,0.04,0.03,0,0.01,0.08
11530,Tempest 3X,PS,1995,Shooter,Interplay,0.04,0.03,0,0.01,0.08
11531,A-Train,PS,1995,Simulation,Sony Computer Entertainment,0.02,0.01,0.04,0.01,0.08
11587,Striker 96,PS,1995,Sports,Time Warner Interactive,0.04,0.03,0,0.01,0.08
11677,Krazy Ivan,PS,1995,Simulation,Psygnosis,0.04,0.03,0,0,0.08
11742,Myst,PS,1995,Adventure,Psygnosis,0,0,0.07,0,0.07
11796,Classic Road,PS,1995,Sports,Victor Interactive,0,0,0.07,0,0.07
11876,Viewpoint,PS,1995,Shooter,Electronic Arts,0.04,0.03,0,0,0.07
12077,Space Hulk: Vengeance of the Blood Angels,PS,1995,Shooter,Electronic Arts,0.04,0.03,0,0,0.07
12127,DefCon 5,PS,1995,Shooter,Psygnosis,0.04,0.03,0,0,0.07
12348,Bubble Bobble also featuring Rainbow Islands,PS,1995,Puzzle,Acclaim Entertainment,0.04,0.02,0,0,0.06
12357,Star Fighter,PS,1995,Shooter,Telstar,0.04,0.02,0,0,0.06
12587,3D Lemmings,PS,1995,Puzzle,Psygnosis,0.03,0.02,0,0,0.06
12725,Zero Divide,PS,1995,Fighting,Ocean,0.03,0.02,0,0,0.06
12801,WWF Wrestlemania: The Arcade Game,PS,1995,Fighting,Acclaim Entertainment,0.03,0.02,0,0,0.06
12921,Hi-Octane: The Track Fights Back!,PS,1995,Racing,Electronic Arts,0.03,0.02,0,0,0.05
13090,Philosoma,PS,1995,Shooter,Sony Computer Entertainment,0.03,0.02,0,0,0.05
13224,Johnny Bazookatone,PS,1995,Platform,U.S. Gold,0.03,0.02,0,0,0.05
13272,Zoop,PS,1995,Puzzle,MediaQuest,0.03,0.02,0,0,0.05
13333,Magic Carpet,PS,1995,Shooter,Electronic Arts,0.03,0.02,0,0,0.05
13460,Sotsugyou II: Neo Generation,PS,1995,Simulation,Riverhillsoft,0,0,0.04,0,0.04
13706,Novastorm,PS,1995,Shooter,Psygnosis,0.02,0.02,0,0,0.04
13804,Thoroughbred Breeder II Plus,PS,1995,Simulation,Hect,0,0,0.04,0,0.04
13893,Ide Yosuke no Mahjong Kazoku,PS,1995,Misc,Seta Corporation,0,0,0.04,0,0.04
14229,Night Head: The Labyrinth,PS,1995,Adventure,Fuji,0,0,0.03,0,0.03
14526,Robo Pit,PS,1995,Fighting,Kokopeli Digital Studios,0.02,0.01,0,0,0.03
14759,The Perfect Golf,PS,1995,Sports,Seta Corporation,0,0,0.03,0,0.03
14790,Hermie Hopperhead: Scrap Panic,PS,1995,Platform,Sony Computer Entertainment,0,0,0.02,0,0.03
14907,Doki Oki,PS,1995,Adventure,Banpresto,0,0,0.02,0,0.03
15317,Aquanaut's Holiday,PS,1995,Adventure,Sony Computer Entertainment,0.01,0.01,0,0,0.02
16557,Psychic Detective,PS,1995,Adventure,Electronic Arts,0.01,0,0,0,0.01
1569,Battle Arena Toshinden,PS,1994,Fighting,Sony Computer Entertainment,0.39,0.26,0.53,0.08,1.27
2603,Ridge Racer,PS,1994,Racing,Sony Computer Entertainment,0,0,0.74,0.05,0.79
2636,Doom,PS,1994,Shooter,Infogrames,0.43,0.3,0,0.05,0.78
3507,Theme Park,PS,1994,Simulation,Electronic Arts,0.24,0.16,0.13,0.04,0.57
4390,NHL FaceOff,PS,1994,Sports,Sony Computer Entertainment,0.25,0.17,0,0.03,0.45
5016,ESPN Extreme Games,PS,1994,Sports,Sony Computer Entertainment,0.11,0.08,0.17,0.03,0.38
5103,Kileak: The DNA Imperative,PS,1994,Shooter,Sony Computer Entertainment,0.08,0.06,0.21,0.02,0.37
5535,Parodius,PS,1994,Shooter,Konami Digital Entertainment,0,0,0.31,0.02,0.33
6643,A. IV Evolution: A Ressha de Ikou 4,PS,1994,Strategy,ArtDink,0,0,0.24,0.02,0.25
7949,ThunderStrike 2,PS,1994,Simulation,Core Design Ltd.,0.1,0.07,0,0.01,0.19
10038,Primal Rage,PS,1994,Fighting,Time Warner Interactive,0.06,0.04,0,0.01,0.11
10091,Jikkyou Powerful Pro Yakyuu '95,PS,1994,Sports,Konami Digital Entertainment,0,0,0.11,0.01,0.11
10356,Jupiter Strike,PS,1994,Shooter,Acclaim Entertainment,0.06,0.04,0,0.01,0.11
10674,Crime Crackers,PS,1994,Role-Playing,Sony Computer Entertainment,0,0,0.09,0.01,0.1
11441,King's Field (Japan),PS,1994,Role-Playing,From Software,0,0,0.08,0.01,0.08
12080,Motor Toon Grand Prix (Japan),PS,1994,Racing,Sony Computer Entertainment,0,0,0.06,0,0.07
12265,Discworld,PS,1994,Adventure,Psygnosis,0.04,0.02,0,0,0.06
